_id|isPb|wpm|acc|rawWpm|consistency|charStats|mode|mode2|quoteLength|restartCount|testDuration|afkDuration|incompleteTestSeconds|punctuation|numbers|language|funbox|difficulty|lazyMode|blindMode|bailedOut|tags|timestamp
62ecf96442fae0be6d8a1ed0|true|72|95.29|72|61.44|180,0,0,0|time|30|-1|0|30|0|0|false|false|english|none|normal|false|false|false||1659697508000
634419dfa9e0f04cda763691|true|65.33|100|65.33|66.26|57,0,0,0|words|10|-1|0|10.47|0|0|false|false|english|none|normal|false|false|false||1665407455000
6343de51a9e0f04cda28d6a8|true|57.95|98.08|57.95|75.98|51,0,0,0|words|10|-1|0|10.56|0|0|false|false|english|none|normal|false|false|false||1665392209000
6343df41a9e0f04cda2d4e9a||57.31|98.04|57.31|67.79|50,0,0,0|words|10|-1|0|10.47|0|0|false|false|english|none|normal|false|false|false||1665392449000
6343e04ca9e0f04cda2d565f||55.32|98|55.32|76.34|49,0,0,0|words|10|-1|0|10.63|0|0|false|false|english|none|normal|false|false|false||1665392716000
641012726d3feedce17aed8a|true|54.8|96.95|54.8|67.5|127,0,0,0|words|25|-1|0|27.81|0|0|false|false|english|none|normal|false|false|false||1678774898000
6343df9ea9e0f04cda2d5137||54.73|94.74|54.73|68.87|54,0,0,0|words|10|-1|0|11.84|0|0|false|false|english|none|normal|false|false|false||1665392542000
6343df11a9e0f04cda2d4d58||54.27|100|54.27|80.48|53,0,0,0|words|10|-1|0|11.72|0|0|false|false|english|none|normal|false|false|false||1665392401000
6343e0aba9e0f04cda2d5939||54.05|98.21|54.05|73.28|54,0,0,0|words|10|-1|0|11.99|0|0|false|false|english|none|normal|false|false|false||1665392811000
6343df7da9e0f04cda2d5041||54.03|100|54.03|71.22|52,0,0,0|words|10|-1|0|11.55|0|0|false|false|english|none|normal|false|false|false||1665392509000
6343def2a9e0f04cda28db23||53.54|98.08|53.54|76.29|51,0,0,0|words|10|-1|0|11.43|0|0|false|false|english|none|normal|false|false|false||1665392370000
63358a1f7d21d9a880625079|true|53.48|100|53.48|71.95|55,0,0,0|words|10|-1|0|12.34|0|0|false|false|english|none|normal|false|false|false||1664453151000
6343deaea9e0f04cda28d927||53.38|96|53.38|74.55|48,0,0,0|words|10|-1|0|10.79|0|0|false|false|english|none|normal|false|false|false||1665392302000
63402afee65ec910000f58fb|true|52.88|99.28|52.88|66.48|137,0,0,0|words|25|-1|0|31.09|0|0|false|false|english|none|normal|false|false|false||1665149694000
635d16aae04535b68a808d68||52.31|96.32|52.31|72.85|130,0,0,0|words|25|-1|0|29.82|0|0|false|false|english|none|normal|false|false|false||1667045034000
6343e0b9a9e0f04cda2d59b8||51.93|94.12|51.93|73.55|47,0,0,0|words|10|-1|0|10.86|0|0|false|false|english|none|normal|false|false|false||1665392825000
63ff2cbc5027fd0b050ab2ce||51.87|96.72|51.87|71.75|118,0,0,0|words|25|-1|0|27.3|0|0|false|false|english|none|normal|false|false|false||1677667516000
64056a3e5027fd0b05542871||51.46|97.92|51.46|72.23|141,0,0,0|words|25|-1|0|32.88|0|0|false|false|english|none|normal|false|false|false||1678076478000
640c4acb86f6142733583b9c||51.02|96.95|51.02|74.05|127,0,0,0|words|25|-1|0|29.87|0|0|false|false|english|none|normal|false|false|false||1678527179000
64056e525027fd0b0559fb42||50.62|99.21|50.62|67.62|126,0,0,0|words|25|-1|0|29.87|1|0|false|false|english|none|normal|false|false|false||1678077522000
63fdc6c05027fd0b05bc5a7c||50.59|96.38|50.59|66.48|132,0,0,0|words|25|-1|0|31.31|0|0|false|false|english|none|normal|false|false|false||1677575872000
6332c88b5d7cf3354c68e674|true|50.57|96.83|50.57|65.67|122,0,0,0|words|25|-1|0|28.95|0|0|false|false|english|none|normal|false|false|false||1664272523000
63319139932c80e3ab42114c|true|50.49|98.52|50.49|68.8|133,0,0,0|words|25|-1|0|31.61|0|0|false|false|english|none|normal|false|false|false||1664192825000
6343dfaba9e0f04cda2d5191||50.42|89.13|56.72|70.51|40,3,0,1|words|10|-1|0|9.52|0|0|false|false|english|none|normal|false|false|false||1665392555000
641011b96d3feedce17ae8aa||50.28|97.24|50.28|58.12|140,0,0,0|words|25|-1|0|33.41|0|0|false|false|english|none|normal|false|false|false||1678774713000
63402d18e65ec910000f727b||50.28|97.16|50.28|67.27|136,0,0,0|words|25|-1|2|32.46|0|17.48|false|false|english|none|normal|false|false|false||1665150232000
63441aeea9e0f04cda7ab398||50.22|97.46|50.22|76.82|115,0,0,0|words|25|-1|1|27.48|0|28.37|false|false|english|none|normal|false|false|false||1665407726000
640038dc5027fd0b05c3f558||50.11|100|50.11|66.34|130,0,0,0|words|25|-1|0|31.13|0|0|false|false|english|none|normal|false|false|false||1677736156000
6343df22a9e0f04cda2d4dbc||50.08|96.15|50.08|76.29|50,0,0,0|words|10|-1|0|11.98|0|0|false|false|english|none|normal|false|false|false||1665392418000
63358a827d21d9a8806253e6||50.08|94.34|50.08|71.57|50,0,0,0|words|10|-1|0|11.98|0|0|false|false|english|none|normal|false|false|false||1664453250000
640570ca5027fd0b055fc1b5||50.05|98.46|50.05|69.62|128,0,0,0|words|25|-1|0|30.69|0|0|false|false|english|none|normal|false|false|false||1678078154000
6343cebda9e0f04cda16a42c||49.85|90.16|49.85|51.32|55,0,0,0|words|10|-1|0|13.24|0|0|false|false|english|none|normal|false|false|false||1665388221000
6343e08aa9e0f04cda2d584c||49.64|98.15|49.64|71.92|52,0,0,0|words|10|-1|0|12.57|0|0|false|false|english|none|normal|false|false|false||1665392778000
63358b467d21d9a880625a0f||49.56|93.75|55.46|70.25|42,0,1,0|words|10|-1|0|10.17|0|0|false|false|english|none|normal|false|false|false||1664453446000
6343de8da9e0f04cda28d835||49.49|95|49.49|66.51|57,0,0,0|words|10|-1|0|13.82|0|0|false|false|english|none|normal|false|false|false||1665392269000
641011476d3feedce17ae5a4||49.27|94.16|49.27|67.23|127,0,0,0|words|25|-1|0|30.93|0|0|false|false|english|none|normal|false|false|false||1678774599000
64056a8a5027fd0b05542a8c||49.13|95.68|49.13|71.49|131,0,0,0|words|25|-1|0|32|1|0|false|false|english|none|normal|false|false|false||1678076554000
63358aa67d21d9a880625506||49.02|98.04|49.02|72.69|50,0,0,0|words|10|-1|0|12.24|0|0|false|false|english|none|normal|false|false|false||1664453286000
63358ad17d21d9a880625641||48.85|94.92|48.85|65.07|55,0,0,0|words|10|-1|0|13.51|0|0|false|false|english|none|normal|false|false|false||1664453329000
637b45bb29e6b7412e3d0936||48.75|96.4|48.75|72.12|133,0,0,0|words|25|-1|0|32.74|0|0|false|false|english|none|normal|false|false|false||1669023163000
6405a3dc5027fd0b05b11fd8||48.74|99.21|48.74|62.49|126,0,0,0|words|25|-1|0|31.02|0|0|false|false|english|none|normal|false|false|false||1678091228000
6343dfb9a9e0f04cda2d5201||48.63|100|48.63|70.2|46,0,0,0|words|10|-1|0|11.35|0|0|false|false|english|none|normal|false|false|false||1665392569000
6343ceaca9e0f04cda16a3ba||48.61|90.91|53.73|67.54|38,1,0,0|words|10|-1|0|9.38|0|0|false|false|english|none|normal|false|false|false||1665388204000
635d1cc0e04535b68a87a402||48.57|99.24|48.57|69.86|129,0,0,0|words|25|-1|0|31.87|0|0|false|false|english|none|normal|false|false|false||1667046592000
63566365c8c818a095dd7f5a||48.51|92.31|48.51|61.63|132,0,0,0|words|25|-1|0|32.65|0|0|false|false|english|none|normal|false|false|false||1666605925000
642bfbb40a366c07ed788c48||48.49|99.24|48.49|69.32|130,0,0,0|words|25|-1|0|32.17|0|0|false|false|english|none|normal|false|false|false||1680604084000
642bfbd40a366c07ed788d19||48.39|97.56|48.39|68.85|120,0,0,0|words|25|-1|0|29.76|0|0|false|false|english|none|normal|false|false|false||1680604116000
632f007d223bd1e9ceddba7b|true|48.29|100|48.29|76.59|46,0,0,0|words|10|-1|0|11.43|0|0|false|false|english|none|normal|false|false|false||1664024701000
63566312c8c818a095dd7d5c||48.21|96.06|48.21|75.71|122,0,0,0|words|25|-1|0|30.37|0|0|false|false|english|none|normal|false|false|false||1666605842000
63ff2df85027fd0b050abc3b||48.16|93.06|48.16|59.91|134,0,0,0|words|25|-1|0|33.39|0|0|false|false|english|none|normal|false|false|false||1677667832000
6343e019a9e0f04cda2d54e8||47.96|86.67|47.96|57.35|52,0,0,0|words|10|-1|0|13.01|0|0|false|false|english|none|normal|false|false|false||1665392665000
632efd1e223bd1e9ced950ff|true|47.91|97.81|47.91|70.22|134,0,0,0|words|25|-1|0|33.56|0|0|false|false|english|none|normal|false|false|false||1664023838000
6343df02a9e0f04cda2b1492||47.89|91.8|47.89|63.61|54,0,0,0|words|10|-1|0|13.53|0|0|false|false|english|none|normal|false|false|false||1665392386000
634036e0e65ec910001d32f3|true|47.86|100|47.86|69.91|56,0,0,0|words|10|-1|0|14.04|0|0|false|false|english_1k|none|normal|false|false|false||1665152736000
640ff9e86d3feedce151d9c9||47.78|97.74|47.78|61.63|128,0,0,0|words|25|-1|0|32.15|1|0|false|false|english|none|normal|false|false|false||1678768616000
6344196ea9e0f04cda763213||47.78|94.44|47.78|60.13|51,0,0,0|words|10|-1|0|12.81|0|0|false|false|english|none|normal|false|false|false||1665407342000
6343e0dea9e0f04cda2d5acb||47.69|98.21|47.69|63.42|55,0,0,0|words|10|-1|0|13.84|0|0|false|false|english|none|normal|false|false|false||1665392862000
641012286d3feedce17aeb8b||47.67|89.86|47.67|70.42|131,0,0,0|words|25|-1|0|32.98|0|0|false|false|english|none|normal|false|false|false||1678774824000
640c5a4d86f61427336fa3c5||47.52|93.96|47.52|63.04|140,0,0,0|words|25|-1|0|35.35|0|0|false|false|english|none|normal|false|false|false||1678531149000
63358a4d7d21d9a880625226||47.36|88.68|47.36|55.28|47,0,0,0|words|10|-1|1|11.91|0|3.11|false|false|english|none|normal|false|false|false||1664453197000
635663b4c8c818a095dd814a||47.35|95.56|47.35|68.52|129,0,0,0|words|25|-1|0|32.69|0|0|false|false|english|none|normal|false|false|false||1666606004000
633be7e47d21d9a8807aeaac||47.29|96.18|47.29|76.07|126,0,0,0|words|25|-1|1|31.97|0|1.35|false|false|english|none|normal|false|false|false||1664870372000
633190b3932c80e3ab3fe439||47.26|98.39|47.26|74.6|122,0,0,0|words|25|-1|0|30.98|0|0|false|false|english|none|normal|false|false|false||1664192691000
64056b785027fd0b055430e1||47.16|89.54|47.16|62.49|134,0,0,0|words|25|-1|0|34.1|0|0|false|false|english|none|normal|false|false|false||1678076792000
63441904a9e0f04cda762dfd||47.13|94.74|47.13|61.22|54,0,0,0|words|10|-1|0|13.75|0|0|false|false|english|none|normal|false|false|false||1665407236000
6344198da9e0f04cda76335c||47.08|92.16|47.08|63.91|47,0,0,0|words|10|-1|0|11.98|0|0|false|false|english|none|normal|false|false|false||1665407373000
640039a05027fd0b05c3fad4||47|93.01|47|65.48|132,0,0,0|words|25|-1|0|33.7|0|0|false|false|english|none|normal|false|false|false||1677736352000
635d1ce9e04535b68a89f441||46.95|95.49|46.95|63.63|127,0,0,0|words|25|-1|0|32.46|0|0|false|false|english|none|normal|false|false|false||1667046633000
640c5a2886f61427336fa2ef||46.93|97.66|46.93|69.38|123,0,0,0|words|25|-1|0|31.45|0|0|false|false|english|none|normal|false|false|false||1678531112000
63fdc5625027fd0b05b6a854||46.83|96.35|46.83|68.97|131,0,0,0|words|25|-1|0|33.57|0|0|false|false|english|none|normal|false|false|false||1677575522000
640c5a0786f61427336fa214||46.77|94.16|46.77|68.42|128,0,0,0|words|25|-1|1|32.84|0|16.27|false|false|english|none|normal|false|false|false||1678531079000
64056aae5027fd0b05542b86||46.68|95.07|46.68|61.86|133,0,0,0|words|25|-1|0|34.19|1|0|false|false|english|none|normal|false|false|false||1678076590000
640039545027fd0b05c3f8a8||46.66|94.89|46.66|70.22|130,0,0,0|words|25|-1|0|33.43|0|0|false|false|english|none|normal|false|false|false||1677736276000
640c4a3486f6142733583792||46.64|96.64|46.64|62.83|141,0,0,0|words|25|-1|0|36.28|0|0|false|false|english|none|normal|false|false|false||1678527028000
63566239c8c818a095dd772c||46.51|96.8|46.51|64.17|121,0,0,0|words|25|-1|0|31.22|0|0|false|false|english|none|normal|false|false|false||1666605625000
642bfc3f0a366c07ed7e81ff||46.49|92.72|46.49|62.29|138,0,0,0|words|25|-1|0|35.62|0|0|false|false|english|none|normal|false|false|false||1680604223000
640ffa5b6d3feedce151dcd2||46.19|97.22|46.19|63.29|139,0,0,0|words|25|-1|0|36.11|0|0|false|false|english|none|normal|false|false|false||1678768731000
6353ea8dc8c818a09597526c||46.17|94.85|46.17|63.63|129,0,0,0|words|25|-1|0|33.53|0|0|false|false|english|none|normal|false|false|false||1666443917000
63ff2bfb5027fd0b050502f7||46.13|96.58|46.13|61.08|141,0,0,0|words|25|-1|0|36.68|1|0|false|false|english|none|normal|false|false|false||1677667323000
634419bfa9e0f04cda763536||46.12|92.59|46.12|61.26|50,0,0,0|words|10|-1|0|13.01|2|0|false|false|english|none|normal|false|false|false||1665407423000
6410116d6d3feedce17ae6ac||46.04|95.14|46.04|66.16|135,0,0,0|words|25|-1|0|35.19|0|0|false|false|english|none|normal|false|false|false||1678774637000
6344195da9e0f04cda763180||45.84|98.31|45.84|69.97|57,0,0,0|words|10|-1|0|14.92|0|0|false|false|english|none|normal|false|false|false||1665407325000
640c591e86f61427336f9c62||45.83|95.14|45.83|66.83|136,0,0,0|words|25|-1|0|35.61|0|0|false|false|english|none|normal|false|false|false||1678530846000
6343df8fa9e0f04cda2d50ba||45.72|90|45.72|70.19|53,0,0,0|words|10|-1|0|13.91|0|0|false|false|english|none|normal|false|false|false||1665392527000
640c4aab86f6142733583ad4||45.66|93.84|45.66|56.65|136,0,0,0|words|25|-1|0|35.74|1|0|false|false|english|none|normal|false|false|false||1678527147000
6405a47c5027fd0b05b3ff32||45.65|91.25|45.65|58.43|145,0,0,0|words|25|-1|0|38.12|0|0|false|false|english|none|normal|false|false|false||1678091388000
63ff2bac5027fd0b050500a0||45.63|95.04|45.63|65.65|133,0,0,0|words|25|-1|0|34.98|0|0|false|false|english|none|normal|false|false|false||1677667244000
635d1c1fe04535b68a854fc9||45.52|95.1|45.52|68.33|133,0,0,0|words|25|-1|1|35.06|0|48.69|false|false|english|none|normal|false|false|false||1667046431000
63566285c8c818a095dd7963||45.51|92.91|45.51|62.51|126,0,0,0|words|25|-1|0|33.22|0|0|false|false|english|none|normal|false|false|false||1666605701000
640c58f986f61427336f9b6a||45.37|91.43|45.37|61.65|127,0,0,0|words|25|-1|1|33.59|0|13.21|false|false|english|none|normal|false|false|false||1678530809000
6343dee3a9e0f04cda28dab8||45.36|91.3|45.36|50.34|42,0,0,0|words|10|-1|0|11.11|0|0|false|false|english|none|normal|false|false|false||1665392355000
6405a49c5027fd0b05b6d9ff||45.28|94.57|45.28|68.29|122,0,0,0|words|25|-1|0|32.33|0|0|false|false|english|none|normal|false|false|false||1678091420000
640c4e5586f61427335e139a||45.28|90.28|45.28|60.74|126,0,0,0|words|25|-1|0|33.39|0|0|false|false|english|none|normal|false|false|false||1678528085000
6373670a31bc8284308de0ed||45.26|96.48|45.26|70.01|137,0,0,0|words|25|-1|1|36.32|0|26.68|false|false|english|none|normal|false|false|false||1668507402000
637b44a629e6b7412e382bb1||45.21|94.66|45.21|66.33|122,0,0,0|words|25|-1|0|32.38|0|0|false|false|english|none|normal|false|false|false||1669022886000
6538bdb90587032233feba5b||45.2|91.94|45.2|60.64|113,0,0,0|time|30|-1|0|30|0|0|false|false|english|none|normal|false|false|false||1698217401000
632efba3223bd1e9ced4f69b||45.18|93.44|46.38|59.9|113,1,0,0|time|30|-1|0|30.01|0|0|false|false|english|none|normal|false|false|false||1664023459000
64056beb5027fd0b055433f7||45.17|96.5|45.17|59.15|136,0,0,0|words|25|-1|0|36.13|0|0|false|false|english|none|normal|false|false|false||1678076907000
6344197ea9e0f04cda7632b6||45.01|96.15|45.01|65.61|50,0,0,0|words|10|-1|0|13.33|0|0|false|false|english|none|normal|false|false|false||1665407358000
635d13b2e04535b68a7bdc1a||44.97|95.38|44.97|62.77|124,0,0,0|words|25|-1|0|33.09|0|0|false|false|english|none|normal|false|false|false||1667044274000
633587c17d21d9a8805de384||44.9|100|44.9|76.89|47,0,0,0|words|10|-1|0|12.56|0|0|false|false|english|none|normal|false|false|false||1664452544000
63ff2c755027fd0b0505066c||44.86|92.96|44.86|62.72|132,0,0,0|words|25|-1|0|35.31|0|0|false|false|english|none|normal|false|false|false||1677667445000
63285ac474372078d6084271||44.79|94.96|44.79|75.23|112,0,0,0|time|30|-1|0|30.01|0|0|false|false|english|none|normal|false|false|false||1663589060000
6353ead2c8c818a09597544b||44.77|93.01|44.77|56.24|132,0,0,0|words|25|-1|0|35.38|0|0|false|false|english|none|normal|false|false|false||1666443986000
63ff2ce25027fd0b050ab3e3||44.72|94.52|44.72|59.73|138,0,0,0|words|25|-1|0|37.03|0|0|false|false|english|none|normal|false|false|false||1677667554000
640020445027fd0b059b8c59||44.71|97.67|44.71|61.78|124,0,0,0|words|25|-1|0|33.28|0|0|false|false|english|none|normal|false|false|false||1677729860000
64a92da873193c702e22fda0|true|44.69|100|44.69|59.03|147,0,0,0|words|25|-1|0|39.47|1|0|false|false|english_1k|none|normal|false|false|false||1688808872000
634037e1e65ec910001f7692||44.64|100|44.64|61.16|58,0,0,0|words|10|-1|0|15.59|0|0|false|false|english_1k|none|normal|false|false|false||1665152993000
64a2bb1273193c702ec845d8|true|44.64|92.45|44.64|66.5|146,0,0,0|words|25|-1|0|39.25|0|0|false|false|english_1k|none|normal|false|false|false||1688386322000
63ff2c9f5027fd0b0507dd42||44.64|92.41|44.64|70.61|146,0,0,0|words|25|-1|0|39.25|0|0|false|false|english|none|normal|false|false|false||1677667487000
6405a42a5027fd0b05b12219||44.59|96.92|46.06|68.75|122,0,0,1|words|25|-1|0|32.83|1|0|false|false|english|none|normal|false|false|false||1678091306000
6405707a5027fd0b055fbf4e||44.55|94.44|46.62|68.75|129,0,0,1|words|25|-1|0|34.75|0|0|false|false|english|none|normal|false|false|false||1678078074000
64003ab25027fd0b05c40211||44.46|93.13|44.46|63.75|122,0,0,0|words|25|-1|0|32.93|0|0|false|false|english|none|normal|false|false|false||1677736626000
6538bd9a0587032233feb969||44.4|92|44.4|65.46|111,0,0,0|time|30|-1|0|30|0|0|false|false|english|none|normal|false|false|false||1698217370000
635d1d12e04535b68a89f549||44.34|93.51|44.34|64.22|141,0,0,0|words|25|-1|0|38.16|0|0|false|false|english|none|normal|false|false|false||1667046674000
640569cf5027fd0b0554256d||44.28|94.08|44.28|57.83|140,0,0,0|words|25|-1|0|37.94|0|0|false|false|english|none|normal|false|false|false||1678076367000
637678899500f305f2789b93||44.25|95.74|44.25|60.09|135,0,0,0|words|25|-1|0|36.61|0|0|false|false|english|none|normal|false|false|false||1668708489000
63736cb831bc82843092d2f9||44.24|95|44.24|71.34|128,0,0,0|words|25|-1|0|34.72|0|0|false|false|english|none|normal|false|false|false||1668508856000
6343e100a9e0f04cda2d5bc1||44.16|98.15|44.16|56.06|52,0,0,0|words|10|-1|0|14.13|0|0|false|false|english|none|normal|false|false|false||1665392896000
64102fb26d3feedce1a9f59b|true|44.03|98|44.03|64.49|147,0,0,0|words|25|-1|0|40.06|0|0|false|false|english_1k|none|normal|false|false|false||1678782386000
63441aaea9e0f04cda763f46||44.03|93.2|44.03|61.43|135,0,0,0|words|25|-1|0|36.79|0|0|false|false|english|none|normal|false|false|false||1665407662000
640c4e3186f61427335e12bb||44.02|97.79|44.02|67.72|133,0,0,0|words|25|-1|0|36.26|0|0|false|false|english|none|normal|false|false|false||1678528049000
641011e06d3feedce17ae9ab||44.02|88.67|44.02|64.9|132,0,0,0|words|25|-1|0|35.98|0|0|false|false|english|none|normal|false|false|false||1678774751000
632efc93223bd1e9ced94d59|true|43.99|93.03|43.99|58.32|263,0,0,0|words|50|-1|0|71.74|0|0|false|false|english|none|normal|false|false|false||1664023699000
64056ad35027fd0b05542c85||43.93|91.72|43.93|59.62|132,0,0,0|words|25|-1|0|36.06|0|0|false|false|english|none|normal|false|false|false||1678076627000
632efee3223bd1e9ced95e33||43.82|93.84|43.82|63.72|135,0,0,0|words|25|-1|1|36.97|0|1.22|false|false|english|none|normal|false|false|false||1664024291000
6340378ee65ec910001d3bdd||43.77|96.67|43.77|69.45|58,0,0,0|words|10|-1|0|15.9|0|0|false|false|english_1k|none|normal|false|false|false||1665152910000
6481613c3fc01f23c8bf3a14||43.74|97.28|43.74|60.36|142,0,0,0|words|25|-1|0|38.96|1|0|false|false|english_1k|none|normal|false|false|false||1686200636000
64d9b41e707edb244866e25a||43.73|96.73|43.73|67.57|147,0,0,0|words|25|-1|0|40.34|0|0|false|false|english_1k|none|normal|false|false|false||1691989022000
6343dfcfa9e0f04cda2d52ac||43.73|91.23|43.73|66.44|52,0,0,0|words|10|-1|0|14.27|0|0|false|false|english|none|normal|false|false|false||1665392591000
640020ea5027fd0b059b914d||43.68|92.36|43.68|65.62|131,0,0,0|words|25|-1|0|35.99|0|0|false|false|english|none|normal|false|false|false||1677730026000
640570555027fd0b055fbe45||43.68|88.89|43.68|59.54|135,0,0,0|words|25|-1|1|37.09|0|20.03|false|false|english|none|normal|false|false|false||1678078037000
640039315027fd0b05c3f7c5||43.65|93.43|43.65|67.64|126,0,0,0|words|25|-1|0|34.64|0|0|false|false|english|none|normal|false|false|false||1677736241000
635662f0c8c818a095dd7c76||43.55|94.52|43.55|69.25|136,0,0,0|words|25|-1|0|37.47|0|0|false|false|english|none|normal|false|false|false||1666605808000
6343e009a9e0f04cda2d546e||43.55|94.12|43.55|64.72|45,0,0,0|words|10|-1|0|12.4|0|0|false|false|english|none|normal|false|false|false||1665392649000
634419d1a9e0f04cda7635f0||43.47|91.67|43.47|64.65|53,0,0,0|words|10|-1|0|14.63|0|0|false|false|english|none|normal|false|false|false||1665407441000
640ffa0e6d3feedce151dacf||43.42|92.96|43.42|63.91|132,0,0,0|words|25|-1|0|36.48|0|0|false|false|english|none|normal|false|false|false||1678768654000
63403699e65ec910001d2f49|true|43.29|93.22|43.29|71.44|53,0,0,0|words|10|-1|0|14.69|0|0|false|false|english_1k|none|normal|false|false|false||1665152665000
64003a645027fd0b05c4000c||43.25|93.98|43.25|56.55|123,0,0,0|words|25|-1|0|34.13|0|0|false|false|english|none|normal|false|false|false||1677736548000
63358a5f7d21d9a8806252b7||43.23|92.59|43.23|67.72|50,0,0,0|words|10|-1|0|13.88|0|0|false|false|english|none|normal|false|false|false||1664453215000
632efb23223bd1e9ced4f366|true|43.14|95.07|43.14|64.9|268,0,0,0|words|50|-1|0|74.55|0|0|false|false|english|none|normal|false|false|false||1664023331000
637b454129e6b7412e3d0558||43.09|91.24|43.09|59.35|123,0,0,0|words|25|-1|0|34.25|0|0|false|false|english|none|normal|false|false|false||1669023041000
6343e03ea9e0f04cda2d5605||43.08|94.23|43.08|56.36|49,0,0,0|words|10|-1|0|13.65|0|0|false|false|english|none|normal|false|false|false||1665392702000
640c4e7f86f61427335e1487||43.07|94.04|43.07|60.21|142,0,0,0|words|25|-1|0|39.56|0|0|false|false|english|none|normal|false|false|false||1678528127000
63358afb7d21d9a880625794||43.07|91.94|43.07|62.53|57,0,0,0|words|10|-1|0|15.88|0|0|false|false|english|none|normal|false|false|false||1664453371000
641012b26d3feedce17aef4e|true|43.02|90.53|43.02|63.45|151,0,0,0|words|25|-1|0|42.12|0|0|false|false|english_1k|none|normal|false|false|false||1678774962000
641011966d3feedce17ae7c3||43.01|91.03|43.01|57.21|140,0,0,0|words|25|-1|0|39.06|0|0|false|false|english|none|normal|false|false|false||1678774678000
640038945027fd0b05c3f356||42.99|92.76|42.99|60.03|140,0,0,0|words|25|-1|0|39.08|0|0|false|false|english|none|normal|false|false|false||1677736084000
640ffa826d3feedce151dde9||42.85|93.06|42.85|68.11|127,0,0,0|words|25|-1|0|35.57|0|0|false|false|english|none|normal|false|false|false||1678768770000
63319050932c80e3ab3db789||42.77|91.07|42.77|64.12|50,0,0,0|words|10|-1|0|14.03|0|0|false|false|english|none|normal|false|false|false||1664192592000
641063f06d3feedce102385f||42.68|95.39|42.68|57.71|145,0,0,0|words|25|-1|0|40.77|0|0|false|false|english_1k|none|normal|false|false|false||1678795760000
6423c8fed9bf936fd634c54e||42.65|92.54|44.09|60.17|119,0,0,1|words|25|-1|0|33.48|1|0|false|false|english|none|normal|false|false|false||1680066814000
6405a4545027fd0b05b1234a||42.63|91.03|42.63|55.73|137,0,0,0|words|25|-1|0|38.56|0|0|false|false|english|none|normal|false|false|false||1678091348000
64056f8b5027fd0b055a046f||42.55|89.74|42.55|57.21|139,0,0,0|words|25|-1|0|39.2|0|0|false|false|english|none|normal|false|false|false||1678077835000
64056dda5027fd0b0559f7d0||42.46|93.66|44.16|60.86|125,2,0,1|words|25|-1|0|35.33|0|0|false|false|english|none|normal|false|false|false||1678077402000
6343de31a9e0f04cda28d5bf||42.45|96.08|42.45|71.39|48,0,0,0|words|10|-1|0|13.57|0|0|false|false|english|none|normal|false|false|false||1665392177000
641063c36d3feedce10236a5||42.43|96.3|42.43|63.88|149,0,0,0|words|25|-1|0|42.14|0|0|false|false|english_1k|none|normal|false|false|false||1678795715000
641012066d3feedce17aeab6||42.43|89.8|42.43|62.32|130,0,0,0|words|25|-1|0|36.77|0|0|false|false|english|none|normal|false|false|false||1678774790000
634036f6e65ec910001d3426||42.42|95|42.42|58.4|55,0,0,0|words|10|-1|0|15.56|0|0|false|false|english_1k|none|normal|false|false|false||1665152758000
640c4ece86f61427335e167d||42.41|94.53|42.41|59.24|121,0,0,0|words|25|-1|0|34.24|1|0|false|false|english|none|normal|false|false|false||1678528206000
6344199ea9e0f04cda7633ee||42.39|90|42.39|60.73|45,0,0,0|words|10|-1|0|12.74|0|0|false|false|english|none|normal|false|false|false||1665407390000
64056e7a5027fd0b0559fc6e||42.35|92|42.35|52.43|136,0,0,0|words|25|-1|0|38.54|0|0|false|false|english|none|normal|false|false|false||1678077562000
637389b731bc828430b9f9ba||42.32|94.53|42.32|64.84|120,0,0,0|words|25|-1|0|34.03|0|0|false|false|english|none|normal|false|false|false||1668516279000
6343dff9a9e0f04cda2d53fb||42.3|98.31|42.3|62|54,0,0,0|words|10|-1|0|15.32|0|0|false|false|english|none|normal|false|false|false||1665392633000
640c4a5a86f614273358388f||42.3|92.75|42.3|60.77|128,0,0,0|words|25|-1|0|36.31|0|0|false|false|english|none|normal|false|false|false||1678527066000
64a92e0373193c702e22ffef||42.29|93.88|42.29|62.76|137,0,0,0|words|25|-1|0|38.87|0|0|false|false|english_1k|none|normal|false|false|false||1688808963000
64003d355027fd0b05c9c071||42.26|93.15|42.26|62.86|134,0,0,0|words|25|-1|0|38.05|0|0|false|false|english|none|normal|false|false|false||1677737269000
63fdc69f5027fd0b05bc5972||42.25|89.19|42.25|61.84|129,0,0,0|words|25|-1|0|36.64|0|0|false|false|english|none|normal|false|false|false||1677575839000
63566261c8c818a095dd7856||42.13|93.43|42.13|61.93|125,0,0,0|words|25|-1|0|35.6|0|0|false|false|english|none|normal|false|false|false||1666605665000
63319068932c80e3ab3db821||42.11|95.83|42.11|66.67|68,0,0,0|words|10|-1|0|19.38|0|0|false|false|english|none|normal|false|false|false||1664192616000
6410641f6d3feedce1023a24||42.11|95.76|42.11|66.98|156,0,0,0|words|25|-1|0|44.46|0|0|false|false|english_1k|none|normal|false|false|false||1678795807000
634419aea9e0f04cda763495||42.04|89.09|42.04|60.98|48,0,0,0|words|10|-1|0|13.7|0|0|false|false|english|none|normal|false|false|false||1665407406000
6400397c5027fd0b05c3f9cd||41.95|90.91|41.95|63.31|134,0,0,0|words|25|-1|0|38.33|0|0|false|false|english|none|normal|false|false|false||1677736316000
640ffa356d3feedce151dbda||41.94|95.71|41.94|64.77|132,0,0,0|words|25|-1|0|37.77|0|0|false|false|english|none|normal|false|false|false||1678768693000
64056b545027fd0b05542fe3||41.74|91.55|41.74|61.91|127,0,0,0|words|25|-1|0|36.51|0|0|false|false|english|none|normal|false|false|false||1678076756000
63441b43a9e0f04cda7ab74e||41.68|94.07|44.13|64.33|119,1,0,0|words|25|-1|0|34.26|0|0|false|false|english|none|normal|false|false|false||1665407811000
635bdaf0082a4bf76dbf1526||41.67|96.61|41.67|56.48|114,0,0,0|words|25|-1|0|32.83|1|0|false|false|english|none|normal|false|false|false||1666964208000
6343dea0a9e0f04cda28d8bc||41.61|87.69|41.61|56.99|55,0,0,0|words|10|-1|0|15.86|0|0|false|false|english|none|normal|false|false|false||1665392288000
62ed05fd42fae0be6d962a7f|true|41.6|91.23|42.4|78.09|52,1,0,0|time|15|-1|0|15|0|0|false|false|english_1k|none|normal|false|false|false||1659700733000
6538bd790587032233feb873||41.6|86.29|41.6|55.55|104,0,0,0|time|30|-1|0|30|0|0|false|false|english|none|normal|false|false|false||1698217337000
632956df74372078d643909c||41.59|96.33|41.59|64.85|104,0,0,0|time|30|-1|0|30.01|0|0|false|false|english|none|normal|false|false|false||1663653599000
64003d0d5027fd0b05c9bf4f||41.5|91.73|41.5|60.78|122,0,0,0|words|25|-1|0|35.28|0|0|false|false|english|none|normal|false|false|false||1677737229000
63fdc7675027fd0b05bc5f40||41.29|93.28|41.29|55.89|121,0,0,0|words|25|-1|0|35.17|0|0|false|false|english|none|normal|false|false|false||1677576039000
640c4eaa86f61427335e15a7||41.27|94.7|41.27|60.3|143,0,0,0|words|25|-1|0|41.58|0|0|false|false|english|none|normal|false|false|false||1678528170000
64d9b3c4707edb244866dfd5||41.19|97.44|41.19|56.05|151,0,0,0|words|25|-1|0|43.99|0|0|false|false|english_1k|none|normal|false|false|false||1691988932000
6328502a74372078d6fb2dc0|true|41.14|95.73|41.14|56.04|268,0,0,0|words|50|-1|0|78.18|2|0|false|false|english|none|normal|false|false|false||1663586346000
640038bb5027fd0b05c3f471||41.07|91.78|41.07|52.47|130,0,0,0|words|25|-1|0|37.98|0|0|false|false|english|none|normal|false|false|false||1677736123000
6343cee5a9e0f04cda16a541||41.03|88.89|41.03|63.26|56,0,0,0|words|10|-1|0|16.38|0|0|false|false|english|none|normal|false|false|false||1665388261000
64102af26d3feedce1a40a9c||41.01|95.6|41.01|58.86|151,0,0,0|words|25|-1|0|44.18|0|0|false|false|english_1k|none|normal|false|false|false||1678781170000
6353ea68c8c818a09597516e||40.98|93.15|40.98|61.49|135,0,0,0|words|25|-1|0|39.53|0|0|false|false|english|none|normal|false|false|false||1666443880000
64056fb35027fd0b055a057d||40.98|90|40.98|56.73|134,0,0,0|words|25|-1|0|39.24|0|0|false|false|english|none|normal|false|false|false||1678077875000
640ffaaa6d3feedce151deff||40.97|94.24|40.97|65.91|130,0,0,0|words|25|-1|0|38.08|0|0|false|false|english|none|normal|false|false|false||1678768810000
64056bc55027fd0b055432fc||40.93|92.25|40.93|63.49|131,0,0,0|words|25|-1|0|38.41|0|0|false|false|english|none|normal|false|false|false||1678076869000
6373898d31bc828430b9f81a||40.91|94.94|40.91|60.94|147,0,0,0|words|25|-1|0|43.12|0|0|false|false|english|none|normal|false|false|false||1668516237000
64d9b44e707edb244866e3a8||40.87|90.17|40.87|59.54|155,0,0,0|words|25|-1|0|45.51|0|0|false|false|english_1k|none|normal|false|false|false||1691989070000
6423c8dad9bf936fd634c48f||40.79|90.91|40.79|59.88|120,0,0,0|words|25|-1|0|35.3|1|0|false|false|english|none|normal|false|false|false||1680066778000
6538bd580587032233feb77d||40.79|86.18|40.79|63.64|102,0,0,0|time|30|-1|1|30.01|0|3.53|false|false|english|none|normal|false|false|false||1698217304000
64056fdb5027fd0b055fbaf2||40.78|90.54|40.78|59.76|132,0,0,0|words|25|-1|0|38.84|0|0|false|false|english|none|normal|false|false|false||1678077915000
63441917a9e0f04cda762ed4||40.77|93.22|40.77|59.14|55,0,0,0|words|10|-1|0|16.19|0|0|false|false|english|none|normal|false|false|false||1665407255000
6410271d6d3feedce19e286d||40.73|99.22|40.73|62.93|128,0,0,0|words|25|-1|0|37.71|0|0|false|false|english_1k|none|normal|false|false|false||1678780189000
63358a727d21d9a88062535f||40.69|100|40.69|58.29|53,0,0,0|words|10|-1|0|15.63|0|0|false|false|english|none|normal|false|false|false||1664453234000
64003a8d5027fd0b05c40116||40.68|85.16|40.68|63.66|132,0,0,0|words|25|-1|0|38.94|0|0|false|false|english|none|normal|false|false|false||1677736589000
633587937d21d9a8805de225||40.65|98.11|40.65|60.49|52,0,0,0|words|10|-1|2|15.35|0|3.36|false|false|english|none|normal|false|false|false||1664452499000
63ff2c225027fd0b0505040e||40.65|92.2|40.65|57.24|126,0,0,0|words|25|-1|0|37.2|0|0|false|false|english|none|normal|false|false|false||1677667362000
6343ce9fa9e0f04cda16a358||40.52|93.33|40.52|59.47|52,0,0,0|words|10|-1|0|15.4|0|0|false|false|english|none|normal|false|false|false||1665388191000
6328511574372078d6fb32c5||40.49|94.92|40.49|59.05|239,0,0,0|words|50|-1|0|70.83|0|0|false|false|english|none|normal|false|false|false||1663586581000
63403723e65ec910001d365d||40.47|93.1|40.47|56.15|54,0,0,0|words|10|-1|0|16.01|0|0|false|false|english_1k|none|normal|false|false|false||1665152803000
65362cf1397591e765a94e5c||40.47|83.97|42.38|53.31|127,1,0,0|words|25|-1|0|37.66|0|0|false|false|english|none|normal|false|false|false||1698049265000
63fdc7945027fd0b05bc60a5||40.44|90.8|40.44|56.37|146,0,0,0|words|25|-1|0|43.32|0|0|false|false|english|none|normal|false|false|false||1677576084000
63fdc7425027fd0b05bc5e22||40.41|89.04|40.41|64.62|130,0,0,0|words|25|-1|0|38.6|0|0|false|false|english|none|normal|false|false|false||1677576002000
63566390c8c818a095dd8072||40.34|93.01|40.34|60.31|131,0,0,0|words|25|-1|0|38.97|0|0|false|false|english|none|normal|false|false|false||1666605968000
641011276d3feedce17ae4e4||40.32|88.28|40.32|49.88|127,0,0,0|words|25|-1|0|37.8|3|0|false|false|english|none|normal|false|false|false||1678774567000
641027e96d3feedce19e2e3b||40.29|93.21|40.29|64.6|151,0,0,0|words|25|-1|0|44.97|0|0|false|false|english_1k|none|normal|false|false|false||1678780393000
6343de43a9e0f04cda28d63c||40.27|91.23|40.27|56.85|49,0,0,0|words|10|-1|0|14.6|0|0|false|false|english|none|normal|false|false|false||1665392195000
6353ef0ec8c818a0959c0369||40.27|90.78|40.27|52.12|128,0,0,0|words|25|-1|0|38.14|0|0|false|false|english|none|normal|false|false|false||1666445070000
634037b8e65ec910001d3e12||40.21|98.11|40.21|66.73|52,0,0,0|words|10|-1|0|15.52|0|0|false|false|english_1k|none|normal|false|false|false||1665152952000
6343dec1a9e0f04cda28d9bb||40.19|84.85|40.19|56.86|55,0,0,0|words|10|-1|0|16.42|0|0|false|false|english|none|normal|false|false|false||1665392321000
6340390ae65ec9100021bb3f||40.18|95.65|40.18|48.14|44,0,0,0|words|10|-1|0|13.14|0|0|false|false|english|none|normal|false|false|false||1665153290000
64056c145027fd0b0554351e||40.17|89.19|40.17|62.18|131,0,0,0|words|25|-1|0|39.13|0|0|false|false|english|none|normal|false|false|false||1678076948000
635d1456e04535b68a7be021||40.11|93.66|40.11|62.45|130,0,0,0|words|25|-1|0|38.89|0|0|false|false|english|none|normal|false|false|false||1667044438000
641012556d3feedce17aecc5||40.08|91.46|40.08|64.52|143,0,0,0|words|25|-1|0|42.81|0|0|false|false|english|none|normal|false|false|false||1678774869000
64102f366d3feedce1a9f221||40.07|91.72|40.07|60.33|139,0,0,0|words|25|-1|0|41.63|0|0|false|false|english_1k|none|normal|false|false|false||1678782262000
637b451c29e6b7412e3a9a99||40.05|92.76|40.05|56.32|141,0,0,0|words|25|-1|0|42.25|0|0|false|false|english|none|normal|false|false|false||1669023004000
633be7bc7d21d9a8807ae9a9||40.02|90.23|41.03|58.28|119,1,0,0|words|25|-1|0|35.68|0|0|false|false|english|none|normal|false|false|false||1664870332000
632eff35223bd1e9ced960c4||39.93|84.71|39.93|68.02|144,0,0,0|words|25|-1|0|43.28|0|0|false|false|english|none|normal|false|false|false||1664024373000
64d9b396707edb244866de86||39.91|90.54|39.91|69.92|132,0,0,0|words|25|-1|0|39.69|0|0|false|false|english_1k|none|normal|false|false|false||1691988886000
64d9b47f707edb244866e512||39.89|91.95|39.89|53.65|158,0,0,0|words|25|-1|0|47.54|1|0|false|false|english_1k|none|normal|false|false|false||1691989119000
64056a685027fd0b055429a4||39.89|90.85|39.89|61.58|135,0,0,0|words|25|-1|0|40.61|0|0|false|false|english|none|normal|false|false|false||1678076520000
640020c65027fd0b059b903b||39.86|92.36|39.86|63.96|143,0,0,0|words|25|-1|0|43.05|0|0|false|false|english|none|normal|false|false|false||1677729990000
6400206d5027fd0b059b8d86||39.85|92.41|39.85|65.84|131,0,0,0|words|25|-1|0|39.45|0|0|false|false|english|none|normal|false|false|false||1677729901000
64d9b4ab707edb244866e650||39.82|88.46|39.82|60.48|138,0,0,0|words|25|-1|0|41.59|0|0|false|false|english_1k|none|normal|false|false|false||1691989163000
648160da3fc01f23c8bf3757||39.75|93.75|39.75|59.61|132,0,0,0|words|25|-1|0|39.85|0|0|false|false|english_1k|none|normal|false|false|false||1686200538000
640312855027fd0b0575897a|true|39.74|95.71|39.74|55.24|154,0,0,0|words|25|-1|0|46.5|1|0|false|false|english_1k|none|normal|false|false|false||1677922949000
640c4fd086f61427335e1c7e||39.72|92.16|39.72|54.88|139,0,0,0|words|25|-1|0|41.99|1|0|false|false|english|none|normal|false|false|false||1678528464000
63441b1da9e0f04cda7ab596||39.65|87.65|39.65|58.81|141,0,0,0|words|25|-1|0|42.67|0|0|false|false|english|none|normal|false|false|false||1665407773000
6353eb79c8c818a0959758be||39.63|95.83|39.63|58.26|135,0,0,0|words|25|-1|0|40.88|0|0|false|false|english|none|normal|false|false|false||1666444153000
6343df33a9e0f04cda2d4e52||39.61|84.75|39.61|62.34|48,0,0,0|words|10|-1|0|14.54|0|0|false|false|english|none|normal|false|false|false||1665392435000
632955bd74372078d63f439f||39.6|97.09|39.6|61.9|99,0,0,0|time|30|-1|0|30|0|0|false|false|english|none|normal|false|false|false||1663653309000
63566341c8c818a095dd7e95||39.53|88.95|39.53|64.57|146,0,0,0|words|25|-1|0|44.32|0|0|false|false|english|none|normal|false|false|false||1666605889000
63736c9331bc82843092d1e1||39.48|93.24|39.48|60.43|134,0,0,0|words|25|-1|0|40.73|0|0|false|false|english|none|normal|false|false|false||1668508819000
640021165027fd0b059b928f||39.46|92.21|39.46|58.94|136,0,0,0|words|25|-1|0|41.36|0|0|false|false|english|none|normal|false|false|false||1677730070000
6331908e932c80e3ab3db949||39.45|88.89|39.45|62.34|48,0,0,0|words|10|-1|0|14.6|0|0|false|false|english|none|normal|false|false|false||1664192654000
632851d974372078d6fb3762||39.42|94.77|39.42|63.42|269,0,0,0|words|50|-1|0|81.88|0|0|false|false|english|none|normal|false|false|false||1663586777000
6331907c932c80e3ab3db8b7||39.4|89.06|39.4|61.87|55,0,0,0|words|10|-1|0|16.75|0|0|false|false|english|none|normal|false|false|false||1664192636000
637677839500f305f2788d86||39.38|91.78|39.38|53.22|133,0,0,0|words|25|-1|0|40.53|1|0|false|false|english|none|normal|false|false|false||1668708227000
637676de9500f305f278848d||39.36|93.85|39.36|65.3|118,0,0,0|words|25|-1|0|35.98|0|0|false|false|english|none|normal|false|false|false||1668708062000
633be7627d21d9a8807ae71c||39.3|88|39.3|55.92|128,0,0,0|words|25|-1|0|39.08|0|0|false|false|english|none|normal|false|false|false||1664870242000
63285ae674372078d6084378||39.2|91.67|39.2|61.66|98,0,0,0|time|30|-1|0|30|0|0|false|false|english|none|normal|false|false|false||1663589094000
6353ed43c8c818a0959bf561||39.2|91.28|39.2|57.33|134,0,0,0|words|25|-1|0|41.02|0|0|false|false|english|none|normal|false|false|false||1666444611000
6329536f74372078d63f370b||39.19|96.12|39.19|55.13|98,0,0,0|time|30|-1|0|30.01|0|0|false|false|english|none|normal|false|false|false||1663652719000
64e03f2e296972726ca5071b||39.11|94.93|39.11|59.18|131,0,0,0|words|25|-1|0|40.2|0|0|false|false|english_1k|none|normal|false|false|false||1692417838000
6315deff18d8136fe0185e82|true|39.03|94.83|39.03|63.51|252,0,0,0|words|50|-1|0|77.48|0|0|false|false|english|none|normal|false|false|false||1662377727000
63402c86e65ec910000f6b91||39.01|94.03|39.01|61.14|125,0,0,0|words|25|-1|3|38.45|0|13.52|false|false|english|none|normal|false|false|false||1665150086000
6343ded5a9e0f04cda28da52||38.91|85.94|38.91|68.14|51,0,0,0|words|10|-1|0|15.73|0|0|false|false|english|none|normal|false|false|false||1665392341000
631888d523439691dbfc0239|true|38.9|100|38.9|59.88|47,0,0,0|words|10|-1|0|14.5|1|0|false|false|english|none|normal|false|false|false||1662552277000
64a92ddb73193c702e22fefc||38.9|96.15|38.9|62.78|149,0,0,0|words|25|-1|0|45.96|0|0|false|false|english_1k|none|normal|false|false|false||1688808923000
640020985027fd0b059b8ecf||38.88|90.34|38.88|60.97|130,0,0,0|words|25|-1|0|40.12|1|0|false|false|english|none|normal|false|false|false||1677729944000
63358b107d21d9a880625839||38.87|90.32|38.87|57|55,0,0,0|words|10|-1|0|16.98|0|0|false|false|english|none|normal|false|false|false||1664453392000
634418c2a9e0f04cda762b6b||38.84|97.92|38.84|51.41|47,0,0,0|words|10|-1|0|14.52|0|0|false|false|english|none|normal|false|false|false||1665407170000
63358b247d21d9a8806258f1||38.76|90|38.76|67.6|53,0,0,0|words|10|-1|0|16.41|0|0|false|false|english|none|normal|false|false|false||1664453412000
64056b2e5027fd0b05542ede||38.75|88.89|38.75|62.74|138,0,0,0|words|25|-1|0|42.74|1|0|false|false|english|none|normal|false|false|false||1678076718000
640314195027fd0b057b457a||38.65|96.69|38.65|58.54|145,0,0,0|words|25|-1|0|45.02|0|0|false|false|english_1k|none|normal|false|false|false||1677923353000
63358b6f7d21d9a880625b56||38.63|81.67|38.63|51.55|49,0,0,0|words|10|-1|0|15.22|0|0|false|false|english|none|normal|false|false|false||1664453487000
635bdc5f082a4bf76dbf2792||38.62|94.74|38.62|60.29|141,0,0,0|words|25|-1|0|43.81|0|0|false|false|english|none|normal|false|false|false||1666964575000
62f905974d8250424f081a9c|true|38.59|95|40.71|62.22|255,4,0,0|words|50|-1|3|79.3|0|47.08|false|false|english|none|normal|false|false|false||1660487063000
642bfcc90a366c07ed7e85af||38.52|90.73|38.52|56.88|136,0,0,0|words|25|-1|0|42.37|1|0|false|false|english_1k|none|normal|false|false|false||1680604361000
634036b3e65ec910001d3098||38.51|95.77|38.51|63.91|68,0,0,0|words|10|-1|0|21.19|0|0|false|false|english_1k|none|normal|false|false|false||1665152691000
64102b856d3feedce1a40ee0||38.42|97.06|38.42|58.65|130,0,0,0|words|25|-1|0|40.6|0|0|false|false|english_1k|none|normal|false|false|false||1678781317000
64a92e3273193c702e230110||38.41|90.42|38.41|62.63|145,0,0,0|words|25|-1|0|45.3|0|0|false|false|english_1k|none|normal|false|false|false||1688809010000
6329557474372078d63f41e0||38.39|93.33|38.39|65.6|96,0,0,0|time|30|-1|0|30.01|0|0|false|false|english|none|normal|false|false|false||1663653236000
63358a967d21d9a88062548b||38.39|91.67|38.39|46.83|54,0,0,0|words|10|-1|0|16.88|0|0|false|false|english|none|normal|false|false|false||1664453270000
6405a4075027fd0b05b1211b||38.37|90.54|38.37|50.83|131,0,0,0|words|25|-1|0|40.97|0|0|false|false|english|none|normal|false|false|false||1678091271000
637b456929e6b7412e3d06a6||38.35|89.21|38.35|57.51|123,0,0,0|words|25|-1|0|38.49|0|0|false|false|english|none|normal|false|false|false||1669023081000
642bfc690a366c07ed7e8311||38.34|84.52|38.34|57.7|128,0,0,0|words|25|-1|0|40.06|0|0|false|false|english|none|normal|false|false|false||1680604265000
641063976d3feedce1023510||38.33|96.6|38.33|59.01|141,0,0,0|words|25|-1|0|44.14|1|0|false|false|english_1k|none|normal|false|false|false||1678795671000
641013346d3feedce17af2e4||38.33|92.98|38.33|56.24|158,0,0,0|words|25|-1|0|49.46|1|0|false|false|english_1k|none|normal|false|false|false||1678775092000
635d135fe04535b68a7bd9f5||38.31|90.37|38.31|61.98|121,0,0,0|words|25|-1|0|37.9|0|0|false|false|english|none|normal|false|false|false||1667044191000
63ff2d385027fd0b050ab684||38.31|89.04|38.31|59.85|124,0,0,0|words|25|-1|0|38.84|0|0|false|false|english|none|normal|false|false|false||1677667640000
635663dfc8c818a095dd825e||38.3|85.31|38.3|59.39|119,0,0,0|words|25|-1|0|37.28|0|0|false|false|english|none|normal|false|false|false||1666606047000
64056e325027fd0b0559fa5a||38.29|88.54|38.29|51.32|137,0,0,0|words|25|-1|0|42.93|0|0|false|false|english|none|normal|false|false|false||1678077490000
635d15b7e04535b68a7e3842||38.27|92.54|39.86|64.53|120,1,0,0|words|25|-1|0|37.63|0|0|false|false|english|none|normal|false|false|false||1667044791000
6449173d8b42543b374803af||38.27|92.26|38.27|54.41|154,0,0,0|words|25|-1|0|48.29|0|0|false|false|english_1k|none|normal|false|false|false||1682511677000
64102fe46d3feedce1a9f70a||38.22|96.08|38.22|56.38|147,0,0,0|words|25|-1|0|46.15|1|0|false|false|english_1k|none|normal|false|false|false||1678782436000
6373893631bc828430b9f4e4||38.22|93.57|38.22|59.13|130,0,0,0|words|25|-1|1|40.82|0|39.11|false|false|english|none|normal|false|false|false||1668516150000
633587d97d21d9a8805de455||38.21|95.65|38.21|70.84|44,0,0,0|words|10|-1|0|13.82|0|0|false|false|english|none|normal|false|false|false||1664452569000
637b459829e6b7412e3d0814||38.15|94.67|38.15|56.68|142,0,0,0|words|25|-1|0|44.66|1|0|false|false|english|none|normal|false|false|false||1669023128000
635d158ee04535b68a7be766||38.14|89.8|38.14|58.26|130,0,0,0|words|25|-1|0|40.9|0|0|false|false|english|none|normal|false|false|false||1667044750000
640c4fa386f61427335e1b69||38.13|93.88|38.13|58.21|138,0,0,0|words|25|-1|0|43.43|0|0|false|false|english|none|normal|false|false|false||1678528419000
63358b9e7d21d9a880625cbd||38.13|89.17|38.13|61.79|135,0,0,0|words|25|-1|0|42.49|0|0|false|false|english|none|normal|false|false|false||1664453534000
6343cef9a9e0f04cda16a5e0||38.1|87.93|38.1|59.96|50,0,0,0|words|10|-1|0|15.75|0|0|false|false|english|none|normal|false|false|false||1665388281000
6335883b7d21d9a8805de76f||38.03|96.08|38.03|56.77|49,0,0,0|words|10|-1|6|15.46|1|24.54|false|false|english|none|normal|false|false|false||1664452667000
635d1410e04535b68a7bde7b||38.02|95.1|38.02|52.95|132,0,0,0|words|25|-1|0|41.66|0|0|false|false|english|none|normal|false|false|false||1667044368000
633588b27d21d9a880601888||37.98|96.43|37.98|51.12|54,0,0,0|words|10|-1|1|17.06|0|4.6|false|false|english|none|normal|false|false|false||1664452786000
64056a1b5027fd0b0554278f||37.97|88|37.97|58.32|125,0,0,0|words|25|-1|1|39.51|0|33.7|false|false|english|none|normal|false|false|false||1678076443000
640c4a8686f61427335839d5||37.95|93.29|37.95|54.17|133,0,0,0|words|25|-1|0|42.06|1|0|false|false|english|none|normal|false|false|false||1678527110000
6343e079a9e0f04cda2d57cc||37.94|88.41|37.94|49.41|59,0,0,0|words|10|-1|0|18.66|0|0|false|false|english|none|normal|false|false|false||1665392761000
641028156d3feedce19e2f7f||37.92|90.79|37.92|59.38|135,0,0,0|words|25|-1|0|42.72|1|0|false|false|english_1k|none|normal|false|false|false||1678780437000
64102be66d3feedce1a411da||37.9|95.12|37.9|60.19|152,0,0,0|words|25|-1|0|48.13|1|0|false|false|english_1k|none|normal|false|false|false||1678781414000
63441b9aa9e0f04cda7abafa||37.84|91.85|40.8|56.72|115,1,0,1|words|25|-1|0|36.47|0|0|false|false|english|none|normal|false|false|false||1665407898000
6343e09ba9e0f04cda2d58c7||37.83|85.71|37.83|62.81|47,0,0,0|words|10|-1|0|14.91|0|0|false|false|english|none|normal|false|false|false||1665392795000
63402b3ee65ec910000f5be7||37.81|92.42|37.81|60.09|116,0,0,0|words|25|-1|0|36.82|0|0|false|false|english|none|normal|false|false|false||1665149758000
632859c774372078d6083a93||37.8|96.79|37.8|59.68|269,0,0,0|words|50|-1|0|85.39|1|0|false|false|english|none|normal|false|false|false||1663588807000
634038f8e65ec9100021ba5c||37.78|82.46|37.78|54.78|46,0,0,0|words|10|-1|0|14.61|0|0|false|false|english|none|normal|false|false|false||1665153272000
642bfc9d0a366c07ed7e847c||37.73|92.5|37.73|51.36|146,0,0,0|words|25|-1|0|46.43|2|0|false|false|english_1k|none|normal|false|false|false||1680604317000
63441a85a9e0f04cda763d99||37.73|88|39.83|59.7|126,0,1,0|words|25|-1|0|40.07|0|0|false|false|english|none|normal|false|false|false||1665407621000
6343ced1a9e0f04cda16a4c3||37.73|82.81|37.73|52.27|51,0,0,0|words|10|-1|0|16.22|0|0|false|false|english|none|normal|false|false|false||1665388241000
64100c066d3feedce16f366c||37.71|95.3|37.71|60.48|141,0,0,0|words|25|-1|0|44.87|0|0|false|false|english_1k|none|normal|false|false|false||1678773254000
63ff2bd45027fd0b050501df||37.69|90.44|37.69|60.96|122,0,0,0|words|25|-1|0|38.84|0|0|false|false|english|none|normal|false|false|false||1677667284000
64d9b3f4707edb244866e12c||37.65|93.63|37.65|54.89|144,0,0,0|words|25|-1|0|45.89|0|0|false|false|english_1k|none|normal|false|false|false||1691988980000
63fdc53a5027fd0b05b6a730|true|37.64|92.44|37.64|60.95|155,0,0,0|words|25|-1|0|49.42|1|0|false|false|english_1k|none|normal|false|false|false||1677575482000
633190e5932c80e3ab420ed2||37.61|96.13|37.61|56.74|145,0,0,0|words|25|-1|0|46.27|0|0|false|false|english|none|normal|false|false|false||1664192741000
640569405027fd0b05542115||37.61|94.04|37.61|61.56|142,0,0,0|words|25|-1|0|45.31|0|0|false|false|english_1k|none|normal|false|false|false||1678076224000
635bdcb7082a4bf76dbf2bda||37.54|92.65|37.54|56.02|125,0,0,0|words|25|-1|0|39.96|1|0|false|false|english|none|normal|false|false|false||1666964663000
63403842e65ec9100021b149||37.54|90.63|37.54|51.72|58,0,0,0|words|10|-1|0|18.54|0|0|false|false|english_1k|none|normal|false|false|false||1665153090000
63fdc5065027fd0b05b6a5b5|true|37.53|91.5|37.53|53.91|138,0,0,0|words|25|-1|0|44.13|0|0|false|false|english_1k|none|normal|false|false|false||1677575430000
64102b596d3feedce1a40dad||37.49|96.05|37.49|64.95|144,0,0,0|words|25|-1|0|46.09|0|0|false|false|english_1k|none|normal|false|false|false||1678781273000
6315dfc118d8136fe018642f||37.49|93.61|37.49|58.29|288,0,0,0|words|50|-1|0|92.18|0|0|false|false|english|none|normal|false|false|false||1662377921000
64056e065027fd0b0559f920||37.48|88.51|37.48|57.3|128,0,0,0|words|25|-1|0|40.98|0|0|false|false|english|none|normal|false|false|false||1678077446000
64003cd65027fd0b05c9bda7||37.36|94.33|37.36|53.57|127,0,0,0|words|25|-1|0|40.79|1|0|false|false|english|none|normal|false|false|false||1677737174000
63441b72a9e0f04cda7ab95d||37.34|89.17|37.34|52.5|136,0,0,0|words|25|-1|0|43.71|0|0|false|false|english|none|normal|false|false|false||1665407858000
641063696d3feedce102336e||37.31|96.47|37.31|55.81|163,0,0,0|words|25|-1|0|52.43|0|0|false|false|english_1k|none|normal|false|false|false||1678795625000
64a92e6173193c702e23023f||37.3|91.61|37.3|57.83|138,0,0,0|words|25|-1|0|44.4|0|0|false|false|english_1k|none|normal|false|false|false||1688809057000
64a2bae973193c702ec8446a||37.27|88.51|37.27|59.75|131,0,0,0|words|25|-1|0|42.18|0|0|false|false|english_1k|none|normal|false|false|false||1688386281000
64d3102b88a8b868fde4f9ae||37.26|92.07|37.26|57.54|150,0,0,0|words|25|-1|0|48.3|1|0|false|false|english_1k|none|normal|false|false|false||1691553835000
6353eee4c8c818a0959c021b||37.26|89.58|37.26|58.23|129,0,0,0|words|25|-1|0|41.55|0|0|false|false|english|none|normal|false|false|false||1666445028000
63403872e65ec9100021b390||37.22|97.26|37.22|51.23|70,0,0,0|words|10|-1|0|22.57|0|0|false|false|english_1k|none|normal|false|false|false||1665153138000
6329567274372078d63f4822||37.2|91.43|37.2|62.58|93,0,0,0|time|30|-1|0|30|0|0|false|false|english|none|normal|false|false|false||1663653490000
6423c8b6d9bf936fd634c3bf||37.19|90.97|39|49.11|123,0,0,1|words|25|-1|0|39.69|1|0|false|false|english|none|normal|false|false|false||1680066742000
6353ea39c8c818a095975043||37.13|89.86|37.13|57.56|122,0,0,0|words|25|-1|0|39.43|0|0|false|false|english|none|normal|false|false|false||1666443833000
64102bb46d3feedce1a41043||37.11|94.7|37.11|66.68|142,0,0,0|words|25|-1|0|45.92|0|0|false|false|english_1k|none|normal|false|false|false||1678781364000
63738ca631bc828430bede59|true|37.01|99.29|37.01|58.69|138,0,0,0|words|25|-1|0|44.74|0|0|false|false|english_1k|none|normal|false|false|false||1668517030000
633589187d21d9a880624849||37|94.92|37|52.32|56,0,0,0|words|10|-1|7|18.16|0|52.05|false|false|english|none|normal|false|false|false||1664452888000
635bdd34082a4bf76dc3cf0e||36.97|91.22|36.97|57.01|134,0,0,0|words|25|-1|0|43.49|0|0|false|false|english|none|normal|false|false|false||1666964788000
633587ee7d21d9a8805de513||36.92|87.72|36.92|50.05|50,0,0,0|words|10|-1|0|16.25|0|0|false|false|english|none|normal|false|false|false||1664452590000
64100ab66d3feedce16f2d68||36.91|95.45|36.91|60.9|124,0,0,0|words|25|-1|0|40.31|0|0|false|false|english|none|normal|false|false|false||1678772918000
642a5b640a366c07edaddfae||36.85|91.26|36.85|56.64|163,0,0,0|words|25|-1|0|53.08|0|0|false|false|english_1k|none|normal|false|false|false||1680497508000
633588007d21d9a8805de59f||36.84|94|36.84|52.24|47,0,0,0|words|10|-1|0|15.31|0|0|false|false|english|none|normal|false|false|false||1664452608000
62f9061e4d8250424f081dcf||36.84|93.19|36.84|58.18|257,0,0,0|words|50|-1|0|83.71|1|0|false|false|english|none|normal|false|false|false||1660487198000
635d178ee04535b68a809342||36.79|88.57|36.79|56.66|123,0,0,0|words|25|-1|0|40.12|0|0|false|false|english|none|normal|false|false|false||1667045262000
63fdc4d85027fd0b05b6a455||36.78|93.46|36.78|57.7|141,0,0,0|words|25|-1|0|46|1|0|false|false|english_1k|none|normal|false|false|false||1677575384000
6331903f932c80e3ab3db705||36.78|89.83|36.78|52.56|51,0,0,0|words|10|-1|0|16.64|0|0|false|false|english|none|normal|false|false|false||1664192575000
63441881a9e0f04cda7628bc||36.77|87.5|36.77|51.64|47,0,0,0|words|10|-1|0|15.34|0|0|false|false|english|none|normal|false|false|false||1665407105000
637a168329e6b7412e90562a||36.75|90.91|36.75|52.95|128,0,0,0|words|25|-1|0|41.8|1|0|false|false|english|none|normal|false|false|false||1668945539000
6353eba6c8c818a0959759f5||36.69|87.76|36.69|51.69|127,0,0,0|words|25|-1|0|41.54|0|0|false|false|english|none|normal|false|false|false||1666444198000
63319117932c80e3ab421042||36.68|90.32|36.68|63.74|139,0,0,0|words|25|-1|0|45.48|0|0|false|false|english|none|normal|false|false|false||1664192791000
641064506d3feedce1023be5||36.67|90.06|36.67|55.54|144,0,0,0|words|25|-1|0|47.12|0|0|false|false|english_1k|none|normal|false|false|false||1678795856000
635bdc8b082a4bf76dbf29b1||36.65|89.86|36.65|58.14|124,0,0,0|words|25|-1|0|40.6|0|0|false|false|english|none|normal|false|false|false||1666964619000
63ff2c505027fd0b05050551||36.55|91.84|36.55|61.76|134,0,0,0|words|25|-1|0|43.99|0|0|false|false|english|none|normal|false|false|false||1677667408000
64d30ef488a8b868fdde1839|true|36.55|91.78|36.55|60.18|195,0,0,0|words|25|-1|0|64.02|0|0|false|false|english_5k|none|normal|false|false|false||1691553524000
63ff2d105027fd0b050ab551||36.55|89.93|36.55|50.85|130,0,0,0|words|25|-1|0|42.68|0|0|false|false|english|none|normal|false|false|false||1677667600000
63358b5c7d21d9a880625ab7||36.51|84.38|36.51|39.48|54,0,0,0|words|10|-1|0|17.75|0|0|false|false|english|none|normal|false|false|false||1664453468000
637a165729e6b7412e9054d3||36.47|91.91|36.47|53.25|123,0,0,0|words|25|-1|0|40.47|0|0|false|false|english|none|normal|false|false|false||1668945495000
6315df5e18d8136fe018615b||36.44|93.66|36.44|61.59|263,0,0,0|words|50|-1|0|86.61|1|0|false|false|english|none|normal|false|false|false||1662377822000
633588987d21d9a8805dea57||36.42|93.75|39.88|67.46|42,1,0,0|words|10|-1|6|13.84|0|59.92|false|false|english|none|normal|false|false|false||1664452760000
6353eb4cc8c818a09597577d||36.35|89.58|36.35|52.81|127,0,0,0|words|25|-1|0|41.92|0|0|false|false|english|none|normal|false|false|false||1666444108000
640569115027fd0b05541f90||36.33|91.25|36.33|53.39|142,0,0,0|words|25|-1|0|46.9|0|0|false|false|english_1k|none|normal|false|false|false||1678076177000
635d172ee04535b68a8090d2||36.29|90.51|36.29|59.31|120,0,0,0|words|25|-1|0|39.68|0|0|false|false|english|none|normal|false|false|false||1667045166000
6318894e23439691dbfc0608||36.24|95.71|36.24|54.71|266,0,0,0|words|50|-1|0|88.07|4|0|false|false|english|none|normal|false|false|false||1662552398000
641027516d3feedce19e29ec||36.23|90.8|36.23|58.51|148,0,0,0|words|25|-1|0|49.02|0|0|false|false|english_1k|none|normal|false|false|false||1678780241000
648161123fc01f23c8bf38e1||36.22|92.09|36.22|60.85|163,0,0,0|words|25|-1|0|54.01|0|0|false|false|english_1k|none|normal|false|false|false||1686200594000
640568ac5027fd0b054e6866||36.2|92.31|36.2|54.75|150,0,0,0|words|25|-1|0|49.72|0|0|false|false|english_1k|none|normal|false|false|false||1678076076000
64a2ba8173193c702ec8410b||36.15|89.57|37.17|54.77|142,1,0,0|words|25|-1|0|47.14|2|0|false|false|english_1k|none|normal|false|false|false||1688386177000
64d312ba88a8b868fde50aa0||36.13|86.89|36.13|51.88|156,0,0,0|words|25|-1|0|51.81|0|0|false|false|english_1k|none|normal|false|false|false||1691554490000
634037a5e65ec910001d3d17||36.09|93.65|36.09|60.82|57,0,0,0|words|10|-1|0|18.95|1|0|false|false|english_1k|none|normal|false|false|false||1665152933000
6353ed74c8c818a0959bf6e0||36.09|92.52|36.09|52.47|134,0,0,0|words|25|-1|0|44.56|0|0|false|false|english|none|normal|false|false|false||1666444660000
642a5b980a366c07edade0f3||36.09|90.97|36.09|60.86|141,0,0,0|words|25|-1|0|46.88|0|0|false|false|english_1k|none|normal|false|false|false||1680497560000
6332c7685d7cf3354c68defa||36.09|90.63|36.09|48.08|56,0,0,0|words|10|-1|1|18.62|0|2.42|false|false|english|none|normal|false|false|false||1664272232000
63402fd0e65ec9100013ff8a||36.05|97.18|36.05|59.04|138,0,0,0|words|25|-1|17|45.93|0|130.49|false|false|english|none|normal|false|false|false||1665150928000
6315dcf918d8136fe0142af6||36.01|95.12|36.01|54.98|272,0,0,0|words|50|-1|0|90.64|2|0|false|false|english|none|normal|false|false|false||1662377209000
64d312ea88a8b868fdebe529||35.9|89.09|35.9|60.23|141,0,0,0|words|25|-1|0|47.13|0|0|false|false|english_1k|none|normal|false|false|false||1691554538000
635d138ee04535b68a7bdb34||35.86|93.01|35.86|59.52|131,0,0,0|words|25|-1|0|43.84|0|0|false|false|english|none|normal|false|false|false||1667044238000
64102ac46d3feedce1a40937||35.85|93.17|35.85|58.72|150,0,0,0|words|25|-1|0|50.21|1|0|false|false|english_1k|none|normal|false|false|false||1678781124000
641027ba6d3feedce19e2ce3||35.8|92.55|35.8|56.08|145,0,0,0|words|25|-1|0|48.6|1|0|false|false|english_1k|none|normal|false|false|false||1678780346000
62ee1820214dc216c8aeaf94|true|35.79|93.85|35.79|55.94|179,0,0,0|time|60|-1|0|60.01|1|0|false|false|english|none|normal|false|false|false||1659770912000
637b467129e6b7412e3d0ea9||35.73|85|35.73|59.37|129,0,0,0|words|25|-1|0|43.32|0|0|false|false|english|none|normal|false|false|false||1669023345000
635bdd99082a4bf76dc3d427||35.6|92.96|35.6|55.25|132,0,0,0|words|25|-1|0|44.49|0|0|false|false|english|none|normal|false|false|false||1666964889000
635bdbcb082a4bf76dbf2025||35.57|89.73|35.57|60.41|131,0,0,0|words|25|-1|0|44.2|0|0|false|false|english|none|normal|false|false|false||1666964427000
6318904523439691db049a52||35.54|96.27|35.54|58.49|255,0,0,0|words|50|-1|0|86.1|0|0|false|false|english|none|normal|false|false|false||1662554181000
63358bd07d21d9a880625e7f||35.51|90.32|35.51|60.71|135,0,0,0|words|25|-1|0|45.62|0|0|false|false|english|none|normal|false|false|false||1664453584000
640c4e0b86f61427335e11be||35.51|86.01|35.51|56.06|117,0,0,0|words|25|-1|0|39.54|0|0|false|false|english|none|normal|false|false|false||1678528011000
630391fd5caa2272abcaa104||35.5|93.66|35.5|57.28|264,0,0,0|words|50|-1|0|89.25|3|0|false|false|english|none|normal|false|false|false||1661178365000
64100ae76d3feedce16f2ea4||35.47|94.04|35.47|54.64|140,0,0,0|words|25|-1|0|47.36|1|0|false|false|english|none|normal|false|false|false||1678772967000
63358ae77d21d9a880625702||35.46|92.19|38.69|53.66|55,1,0,0|words|10|-1|0|18.61|0|0|false|false|english|none|normal|false|false|false||1664453351000
6449176c8b42543b3748058e||35.45|93.29|38.72|52.5|130,2,0,0|words|25|-1|0|44.01|3|0|false|false|english_1k|none|normal|false|false|false||1682511724000
632efc3a223bd1e9ced94aee||35.38|86.25|35.38|58.39|273,0,0,0|words|50|-1|0|92.59|0|0|false|false|english|none|normal|false|false|false||1664023610000
6315e09718d8136fe0186a0b||35.37|94.98|35.37|57.18|258,0,0,0|words|50|-1|0|87.53|2|0|false|false|english|none|normal|false|false|false||1662378135000
63319179932c80e3ab421334||35.33|89.86|35.33|57.22|132,0,0,0|words|25|-1|1|44.83|1|4.84|false|false|english|none|normal|false|false|false||1664192889000
635bdb6b082a4bf76dbf1b09||35.32|90.91|35.32|61.36|137,0,0,0|words|25|-1|0|46.55|1|0|false|false|english|none|normal|false|false|false||1666964331000
642bfb8c0a366c07ed788b2b||35.25|97.12|35.25|50|132,0,0,0|words|25|-1|0|44.94|2|0|false|false|english_1k|none|normal|false|false|false||1680604044000
6329559a74372078d63f42c8||35.2|92.86|35.2|59.77|88,0,0,0|time|30|-1|0|30|0|0|false|false|english|none|normal|false|false|false||1663653274000
63403889e65ec9100021b4b2||35.2|92.31|35.2|65.1|58,0,0,0|words|10|-1|0|19.77|0|0|false|false|english_1k|none|normal|false|false|false||1665153161000
635bdb9c082a4bf76dbf1dbf||35.16|92.86|35.16|58.61|124,0,0,0|words|25|-1|0|42.32|0|0|false|false|english|none|normal|false|false|false||1666964380000
63403858e65ec9100021b251||35.15|93.44|35.15|54.3|57,0,0,0|words|10|-1|0|19.46|0|0|false|false|english_1k|none|normal|false|false|false||1665153112000
63fdc49d5027fd0b05b6a272|true|35.13|90.45|35.13|64.55|174,0,0,0|words|25|-1|0|59.43|0|0|false|false|english_5k|none|normal|false|false|false||1677575325000
64003dd75027fd0b05c9c4de||35.12|91.14|35.12|55.18|142,0,0,0|words|25|-1|0|48.52|1|0|false|false|english_1k|none|normal|false|false|false||1677737431000
6343de7ba9e0f04cda28d7c8||35.12|84.91|35.12|49.62|42,0,0,0|words|10|-1|0|14.35|0|0|false|false|english|none|normal|false|false|false||1665392251000
62f903064d8250424f040ebd|true|35.11|94.57|36.16|55.89|236,1,0,0|words|50|-1|0|80.65|1|0|false|false|english|none|normal|false|false|false||1660486406000
634037cee65ec910001d3f3f||35.09|87.5|35.09|50.78|55,0,0,0|words|10|-1|0|18.81|0|0|false|false|english_1k|none|normal|false|false|false||1665152974000
64100bd86d3feedce16f351b||35.01|89.94|35.01|54.51|145,0,0,0|words|25|-1|0|49.7|2|0|false|false|english_1k|none|normal|false|false|false||1678773208000
64a2bb4873193c702ec84794||35|85.8|35|62.48|141,0,0,0|words|25|-1|0|48.34|0|0|false|false|english_1k|none|normal|false|false|false||1688386376000
62ee1864214dc216c8aeb11b||34.99|94.09|34.99|59.78|175,0,0,0|time|60|-1|0|60.01|1|0|false|false|english|none|normal|false|false|false||1659770980000
644916cd8b42543b3747ff4b||34.95|86.14|34.95|50.98|140,0,0,0|words|25|-1|0|48.07|0|0|false|false|english_1k|none|normal|false|false|false||1682511565000
64a2bb7573193c702ec8490f||34.86|88.96|37.91|58.94|126,1,0,1|words|25|-1|0|43.37|0|0|false|false|english_1k|none|normal|false|false|false||1688386421000
63403006e65ec9100014023d||34.73|92.81|34.73|53.92|122,0,0,0|words|25|-1|0|42.15|1|0|false|false|english|none|normal|false|false|false||1665150982000
6315de2118d8136fe018585f||34.69|93.53|34.69|59.92|256,0,0,0|words|50|-1|1|88.55|1|37.6|false|false|english|none|normal|false|false|false||1662377505000
64003da55027fd0b05c9c378||34.69|85.63|34.69|64.89|132,0,0,0|words|25|-1|0|45.66|0|0|false|false|english_1k|none|normal|false|false|false||1677737381000
63358b387d21d9a8806259a1||34.66|90.91|34.66|46.6|48,0,0,0|words|10|-1|0|16.62|1|0|false|false|english|none|normal|false|false|false||1664453432000
63ec694dcd1271d9fe94f9cf|true|34.62|90.87|34.62|54.88|211,0,0,0|words|25|-1|0|73.13|1|0|false|false|english_5k|none|normal|false|false|false||1676437837000
62ee1922214dc216c8b2a2c6||34.6|91.19|34.6|57.53|173,0,0,0|time|60|-1|0|60|1|0|false|false|english|none|normal|false|false|false||1659771170000
64056b015027fd0b05542db5||34.6|86.18|34.6|51.42|126,0,0,0|words|25|-1|0|43.7|0|0|false|false|english|none|normal|false|false|false||1678076673000
63285a2674372078d6083d4b||34.58|91.89|35.12|58.18|259,0,0,1|words|50|-1|0|89.87|0|0|false|false|english|none|normal|false|false|false||1663588902000
641030196d3feedce1a9f877||34.52|90.85|34.52|58.14|147,0,0,0|words|25|-1|0|51.1|0|0|false|false|english_1k|none|normal|false|false|false||1678782489000
640570aa5027fd0b055fc0bd||34.51|87.58|34.51|48.17|134,0,0,0|words|25|-1|0|46.59|1|0|false|false|english|none|normal|false|false|false||1678078122000
637b46a429e6b7412e3d1023||34.46|79.67|34.46|55.2|138,0,0,0|words|25|-1|0|48.05|1|0|false|false|english|none|normal|false|false|false||1669023396000
64abef4c73193c702e6ac854||34.41|95.39|34.41|50.07|145,0,0,0|words|25|-1|0|50.57|1|0|false|false|english_1k|none|normal|false|false|false||1688989516000
6410284f6d3feedce19e30fc||34.41|91.91|34.41|57.85|156,0,0,0|words|25|-1|0|54.41|0|0|false|false|english_1k|none|normal|false|false|false||1678780495000
632956bd74372078d63f49d6||34.4|89.22|34.4|60.85|86,0,0,0|time|30|-1|0|30|0|0|false|false|english|none|normal|false|false|false||1663653565000
63358a0f7d21d9a880624fe4||34.39|92.19|34.39|39.25|58,0,0,0|words|10|-1|0|20.24|2|0|false|false|english|none|normal|false|false|false||1664453135000
63ff2e295027fd0b050abdb3||34.34|85.89|34.34|49.01|133,0,0,0|words|25|-1|0|46.48|1|0|false|false|english|none|normal|false|false|false||1677667881000
6331902a932c80e3ab3db66c||34.33|88.46|34.33|64.76|45,0,0,0|words|10|-1|0|15.73|0|0|false|false|english|none|normal|false|false|false||1664192554000
633587b07d21d9a8805de301||34.32|96.23|34.32|56.97|50,0,0,0|words|10|-1|0|17.48|0|0|false|false|english|none|normal|false|false|false||1664452528000
640312f55027fd0b05758c44||34.32|93.21|35.26|51.06|146,0,0,1|words|25|-1|0|51.05|2|0|false|false|english_1k|none|normal|false|false|false||1677923061000
64a2bbe273193c702eceebf7||34.26|89.03|34.26|52.25|135,0,0,0|words|25|-1|0|47.29|1|0|false|false|english_1k|none|normal|false|false|false||1688386528000
6328518074372078d6fb353f||34.23|91.69|34.23|57.93|281,0,0,0|words|50|-1|0|98.52|0|0|false|false|english|none|normal|false|false|false||1663586688000
63403920e65ec9100021bc60||34.23|86.89|34.23|68.68|51,0,0,0|words|10|-1|0|17.88|0|0|false|false|english|none|normal|false|false|false||1665153312000
6343e0cda9e0f04cda2d5a4f||34.2|87.3|34.2|57.86|48,0,0,0|words|10|-1|0|16.84|0|0|false|false|english|none|normal|false|false|false||1665392845000
6315f27418d8136fe02da6d4|true|34.17|100|34.17|62.35|51,0,0,0|words|10|-1|0|17.91|0|0|false|false|english|none|normal|false|false|false||1662382708000
63358abf7d21d9a8806255b2||34.17|88.33|34.17|45.42|51,0,0,0|words|10|-1|0|17.91|0|0|false|false|english|none|normal|false|false|false||1664453311000
635d14fae04535b68a7be3f7||34.15|91.91|34.15|47.7|123,0,0,0|words|25|-1|0|43.22|0|0|false|false|english|none|normal|false|false|false||1667044602000
635bdd06082a4bf76dc3ccc3||34.12|87.97|36.22|58.56|130,1,0,0|words|25|-1|0|45.72|0|0|false|false|english|none|normal|false|false|false||1666964742000
63403686e65ec910001d2e49|true|34.11|89.71|34.11|49.51|60,0,0,0|words|10|-1|0|21.11|0|0|false|false|english_1k|none|normal|false|false|false||1665152646000
62f8ffa14d8250424ffffe69|true|34.06|94.37|34.06|62.06|279,0,0,0|words|50|-1|1|98.31|0|8.64|false|false|english|none|normal|false|false|false||1660485537000
6335894f7d21d9a8806249e1||34.05|89.09|34.05|57.13|49,0,0,0|words|10|-1|3|17.27|0|19.54|false|false|english|none|normal|false|false|false||1664452943000
633be7937d21d9a8807ae879||34.05|87.33|34.05|60.38|129,0,0,0|words|25|-1|0|45.46|1|0|false|false|english|none|normal|false|false|false||1664870291000
63358ded7d21d9a88066cb5e||33.95|92.36|33.95|53.71|131,0,0,0|words|25|-1|0|46.3|0|0|false|false|english|none|normal|false|false|false||1664454125000
635bddcf082a4bf76dc3d6ba||33.93|89.68|33.93|58.47|137,0,0,0|words|25|-1|0|48.45|1|0|false|false|english|none|normal|false|false|false||1666964943000
62f900044d8250424f03fcf4||33.9|92.41|35.21|57.95|259,2,0,0|words|50|-1|0|91.69|1|0|false|false|english|none|normal|false|false|false||1660485636000
637b46cf29e6b7412e3d115f||33.87|86.76|33.87|48.88|117,0,0,0|words|25|-1|0|41.45|0|0|false|false|english|none|normal|false|false|false||1669023439000
64a92e9673193c702e230393||33.86|83.72|33.86|60.65|142,0,0,0|words|25|-1|0|50.33|0|0|false|false|english_1k|none|normal|false|false|false||1688809110000
641027876d3feedce19e2b80||33.82|94.34|33.82|48.15|148,0,0,0|words|25|-1|0|52.52|3|0|false|false|english_1k|none|normal|false|false|false||1678780295000
64102b296d3feedce1a40c3c||33.82|89.94|33.82|57.16|151,0,0,0|words|25|-1|0|53.58|0|0|false|false|english_1k|none|normal|false|false|false||1678781225000
640568df5027fd0b05541e19||33.76|91.77|33.76|49.34|139,0,0,0|words|25|-1|0|49.41|0|0|false|false|english_1k|none|normal|false|false|false||1678076127000
634037f9e65ec9100021ad78||33.76|90.77|33.76|41.41|57,0,0,0|words|10|-1|0|20.26|1|0|false|false|english_1k|none|normal|false|false|false||1665153017000
6340382ce65ec9100021b021||33.74|92.54|33.74|63.67|60,0,0,0|words|10|-1|0|21.34|0|0|false|false|english_1k|none|normal|false|false|false||1665153068000
63f6e374c283c730c3270b4e||33.72|92.2|33.72|54.57|185,0,0,0|words|25|-1|0|65.84|1|0|false|false|english_5k|none|normal|false|false|false||1677124468000
6315dd5d18d8136fe0142db2||33.64|93.63|33.64|54.66|246,0,0,0|words|50|-1|0|87.76|3|0|false|false|english|none|normal|false|false|false||1662377309000
640569a75027fd0b0554244d||33.63|92.65|33.63|33.62|125,0,0,0|words|25|-1|0|44.6|8|0|false|false|english|none|normal|false|false|false||1678076327000
634418f2a9e0f04cda762d3c||33.63|92.42|33.63|47.02|57,0,0,0|words|10|-1|0|20.34|0|0|false|false|english|none|normal|false|false|false||1665407218000
632953fd74372078d63f3a21||33.6|92.39|33.6|45.04|84,0,0,0|time|30|-1|0|30|4|0|false|false|english|none|normal|false|false|false||1663652861000
63402ef0e65ec9100013f488||33.58|92.81|33.58|59.5|128,0,0,0|words|25|-1|25|45.74|2|118.97|false|false|english|none|normal|false|false|false||1665150704000
64a2ba1573193c702ec83d92||33.54|88.46|33.54|46.67|138,0,0,0|words|25|-1|0|49.38|2|0|false|false|english_1k|none|normal|false|false|false||1688386069000
62f8ff284d8250424ffffb97|true|33.4|88.85|34.33|55.95|251,1,0,0|words|50|-1|0|90.19|0|0|false|false|english|none|normal|false|false|false||1660485416000
62ee18ad214dc216c8b2a084||33.39|90.96|33.39|55.49|167,0,0,0|time|60|-1|0|60.01|1|0|false|false|english|none|normal|false|false|false||1659771053000
64abef8473193c702e6e1f15||33.34|95.51|33.34|50.57|149,0,0,0|words|25|-1|0|53.63|1|0|false|false|english_1k|none|normal|false|false|false||1688989572000
6389d32f6cf2de7f14d2f113|true|33.32|92.02|33.32|54.44|194,0,0,0|words|25|-1|1|69.86|2|37.54|false|false|english_5k|none|normal|false|false|false||1669976879000
6315deac18d8136fe0185c65||33.26|91.5|33.26|58.34|261,0,0,0|words|50|-1|0|94.18|2|0|false|false|english|none|normal|false|false|false||1662377644000
64d9b57e707edb24486dcde2||33.23|89.64|33.23|57.36|198,0,0,0|words|25|-1|0|71.51|1|0|false|false|english_5k|none|normal|false|false|false||1691989374000
634038e6e65ec9100021b973||33.21|82.09|33.21|55.5|54,0,0,0|words|10|-1|0|19.51|0|0|false|false|english|none|normal|false|false|false||1665153254000
632954db74372078d63f3eb8||33.2|92.55|33.2|57.43|83,0,0,0|time|30|-1|0|30|1|0|false|false|english|none|normal|false|false|false||1663653083000
62f79d324d8250424f6aa23a|true|33.19|97.11|33.19|52.11|267,0,0,0|words|50|-1|0|96.53|3|0|false|false|english|none|normal|false|false|false||1660394802000
6303919e5caa2272abca9d39||33.18|94.82|33.18|55.64|237,0,0,0|words|50|-1|0|85.71|1|0|false|false|english|none|normal|false|false|false||1661178270000
634418b0a9e0f04cda762aae||33.16|94.64|33.16|37.04|53,0,0,0|words|10|-1|0|19.18|1|0|false|false|english|none|normal|false|false|false||1665407152000
635d13e4e04535b68a7bdd68||33.14|83.55|33.14|54.92|122,0,0,0|words|25|-1|0|44.18|0|0|false|false|english|none|normal|false|false|false||1667044324000
6315e1be18d8136fe01c980d||33.11|92.78|33.11|55.77|264,0,0,0|words|50|-1|0|95.67|4|0|false|false|english|none|normal|false|false|false||1662378430000
640312555027fd0b05758827||33.11|87.83|33.11|51.85|160,0,0,0|words|25|-1|0|57.98|2|0|false|false|english_1k|none|normal|false|false|false||1677922901000
635bdd69082a4bf76dc3d1db||33.07|89.87|33.07|53.4|137,0,0,0|words|25|-1|0|49.71|1|0|false|false|english|none|normal|false|false|false||1666964841000
6343ce8ca9e0f04cda16a2d1||33.07|84.93|33.07|52.52|59,0,0,0|words|10|-1|0|21.41|0|0|false|false|english|none|normal|false|false|false||1665388172000
62ed053742fae0be6d9625c0|true|33.04|89.91|33.04|59.26|304,0,0,0|words|50|-1|0|110.4|0|0|false|false|english_1k|none|normal|false|false|false||1659700535000
641064866d3feedce1023ded||33.03|85.96|33.03|55.21|144,0,0,0|words|25|-1|0|52.31|0|0|false|false|english_1k|none|normal|false|false|false||1678795910000
637b464429e6b7412e3d0d37||32.93|83.13|32.93|57.75|126,0,0,0|words|25|-1|0|45.91|0|0|false|false|english|none|normal|false|false|false||1669023300000
62f8fec94d8250424ffff97b||32.92|90.49|32.92|55.48|273,0,0,0|words|50|-1|0|99.51|2|0|false|false|english|none|normal|false|false|false||1660485321000
64d9b535707edb24486dcbf9||32.91|87.87|32.91|59.13|203,0,0,0|words|25|-1|0|74.03|0|0|false|false|english_5k|none|normal|false|false|false||1691989301000
640569745027fd0b055422c7||32.88|89.54|32.88|46.22|137,0,0,0|words|25|-1|0|50|1|0|false|false|english_1k|none|normal|false|false|false||1678076276000
6329506674372078d63ae058||32.8|94.25|32.8|58.89|82,0,0,0|time|30|-1|0|30|1|0|false|false|english|none|normal|false|false|false||1663651942000
62ed05b042fae0be6d9628ad|true|32.8|87.23|32.8|59.88|41,0,0,0|time|15|-1|0|15|0|0|false|false|english_1k|none|normal|false|false|false||1659700656000
634418daa9e0f04cda762c4a||32.79|82.09|32.79|47.51|55,0,0,0|words|10|-1|0|20.13|0|0|false|false|english|none|normal|false|false|false||1665407194000
62ed071f42fae0be6d9a1e02||32.78|91.84|35.98|67.48|41,1,0,0|time|15|-1|1|15.01|0|3.02|false|false|english_1k|none|normal|false|false|false||1659701023000
637a162d29e6b7412e90537d||32.71|92.7|32.71|53.21|127,0,0,0|words|25|-1|0|46.59|1|0|false|false|english|none|normal|false|false|false||1668945453000
640044435027fd0b05d54add||32.71|92.57|32.71|53.01|132,0,0,0|words|25|-1|0|48.43|1|0|false|false|english_1k|none|normal|false|false|false||1677739075000
62f9067a4d8250424f081fe4||32.69|88.34|36.07|61.56|232,4,2,1|words|50|-1|0|85.17|0|0|false|false|english|none|normal|false|false|false||1660487290000
635d155fe04535b68a7be650||32.58|85.62|32.58|55.48|127,0,0,0|words|25|-1|0|46.77|1|0|false|false|english|none|normal|false|false|false||1667044703000
637b461429e6b7412e3d0bb2||32.52|86.34|32.52|49.4|138,0,0,0|words|25|-1|1|50.92|3|13.03|false|false|english|none|normal|false|false|false||1669023252000
63fdc7c15027fd0b05bc61ff||32.5|83.44|37.78|57.62|117,3,0,1|words|25|-1|0|43.2|0|0|false|false|english|none|normal|false|false|false||1677576129000
64a2bbad73193c702ec84ae6||32.41|83.15|32.41|56.22|145,0,0,0|words|25|-1|0|53.68|0|0|false|false|english_1k|none|normal|false|false|false||1688386477000
64100a8b6d3feedce16f2c49||32.38|91.39|32.38|51.72|132,0,0,0|words|25|-1|0|48.92|1|0|false|false|english|none|normal|false|false|false||1678772875000
6340370fe65ec910001d357f||32.38|90|32.38|48.02|54,0,0,0|words|10|-1|0|20.01|0|0|false|false|english_1k|none|normal|false|false|false||1665152783000
637677b39500f305f2789007||32.35|85.81|32.35|58.45|124,0,0,0|words|25|-1|0|46|1|0|false|false|english|none|normal|false|false|false||1668708275000
641013006d3feedce17af185||32.3|87.72|32.3|61.39|148,0,0,0|words|25|-1|0|54.99|0|0|false|false|english_1k|none|normal|false|false|false||1678775040000
64a2babd73193c702ec842e4||32.25|89.14|32.25|47.74|154,0,0,0|words|25|-1|0|57.3|4|0|false|false|english_1k|none|normal|false|false|false||1688386237000
6481b3af3fc01f23c856096b||32.11|86.81|39.91|67.85|107,5,0,1|words|25|-1|0|39.99|0|0|false|false|english_1k|none|normal|false|false|false||1686221743000
632f0099223bd1e9ceddbb6d||32.08|77.14|32.08|49.96|54,0,0,0|words|10|-1|1|20.2|0|4.47|false|false|english|none|normal|false|false|false||1664024729000
638202df29e6b7412ebbb95f||32.02|88.44|32.02|54.65|126,0,0,0|words|25|-1|1|47.22|2|4.74|false|false|english|none|normal|false|false|false||1669464799000
62ee741c214dc216c81ac180|true|32|94.04|32|50.47|261,0,0,0|words|50|-1|0|97.87|5|0|false|false|english|none|normal|false|false|false||1659794460000
64100ba46d3feedce16f33b5||31.96|84.24|31.96|55.6|136,0,0,0|words|25|-1|0|51.07|1|0|false|false|english_1k|none|normal|false|false|false||1678773156000
6335896f7d21d9a880624ada||31.93|89.83|34.49|62.5|50,1,0,0|words|10|-1|2|18.79|0|7.83|false|false|english|none|normal|false|false|false||1664452975000
62ee6d1f214dc216c812b7f5|true|31.9|92.88|31.9|52.9|269,0,0,0|words|50|-1|0|101.2|2|0|false|false|english|none|normal|false|false|false||1659792671000
642a5d000a366c07edadeafe||31.84|90.12|31.84|44.07|151,0,0,0|words|25|-1|0|56.91|3|0|false|false|english_1k|none|normal|false|false|false||1680497920000
641026f76d3feedce19e273a||31.83|93.42|31.83|54.91|137,0,0,0|words|25|-1|0|51.65|1|0|false|false|english_1k|none|normal|false|false|false||1678780151000
62ee718c214dc216c816c2b2||31.83|89.59|31.83|53.54|236,0,0,0|words|50|-1|0|88.97|2|0|false|false|english|none|normal|false|false|false||1659793804000
6343dfe6a9e0f04cda2d5364||31.8|85.07|31.8|45.73|52,0,0,0|words|10|-1|0|19.62|0|0|false|false|english|none|normal|false|false|false||1665392614000
635d152de04535b68a7be4fe||31.79|81.7|31.79|61.75|124,0,0,0|words|25|-1|0|46.81|0|0|false|false|english|none|normal|false|false|false||1667044653000
63403813e65ec9100021aed5||31.74|88.24|31.74|46.81|58,0,0,0|words|10|-1|0|21.93|0|0|false|false|english_1k|none|normal|false|false|false||1665153043000
6343ce71a9e0f04cda16a20e||31.71|75.34|31.71|55.64|51,0,0,0|words|10|-1|0|19.3|0|0|false|false|english|none|normal|false|false|false||1665388145000
640315835027fd0b057b4eed||31.7|86.89|34.15|56.72|142,1,0,1|words|25|-1|0|53.76|0|0|false|false|english_1k|none|normal|false|false|false||1677923715000
6400390d5027fd0b05c3f6a2||31.69|91.37|31.69|43.93|124,0,0,0|words|25|-1|0|46.96|3|0|false|false|english|none|normal|false|false|false||1677736205000
62ee7376214dc216c816cf0c||31.66|92.66|31.66|55.8|259,0,0,0|words|50|-1|0|98.17|0|0|false|false|english|none|normal|false|false|false||1659794294000
62ee17d8214dc216c8aeadee|true|31.59|95.21|31.59|52.28|158,0,0,0|time|60|-1|0|60.01|4|0|false|false|english|none|normal|false|false|false||1659770840000
64100b286d3feedce16f303e||31.51|89.35|31.51|57.15|150,0,0,0|words|25|-1|0|57.12|0|0|false|false|english_1k|none|normal|false|false|false||1678773032000
6400440e5027fd0b05d54950||31.42|91.62|31.42|53.09|152,0,0,0|words|25|-1|1|58.05|0|30.28|false|false|english_1k|none|normal|false|false|false||1677739022000
64003cac5027fd0b05c9bc8f||31.34|86.27|32.62|52.77|122,0,1,0|words|25|-1|0|46.72|0|0|false|false|english|none|normal|false|false|false||1677737132000
63402c38e65ec910000f67fa||31.31|95.49|31.31|52.99|127,0,0,0|words|25|-1|0|48.67|1|0|false|false|english|none|normal|false|false|false||1665150008000
6340366de65ec910001d2d01|true|31.29|88.41|31.29|53.66|57,0,0,0|words|10|-1|1|21.86|0|4.58|false|false|english_1k|none|normal|false|false|false||1665152621000
63738a5e31bc828430bec6be|true|31.2|92.86|31.2|56.88|155,0,0,0|words|25|-1|0|59.62|0|0|false|false|english_1k|none|normal|false|false|false||1668516446000
62ed059342fae0be6d9627f9|true|31.2|78.85|31.2|50.84|39,0,0,0|time|15|-1|2|15|0|6.23|false|false|english_1k|none|normal|false|false|false||1659700627000
6343e063a9e0f04cda2d5715||31.18|90.16|31.18|48.19|53,0,0,0|words|10|-1|0|20.4|0|0|false|false|english|none|normal|false|false|false||1665392739000
62f900654d8250424f03ff2c||30.91|90.44|33.72|46.59|231,4,1,3|words|50|-1|0|89.69|3|0|false|false|english|none|normal|false|false|false||1660485733000
62f531b14d8250424f9d591e||30.88|92.52|30.88|49.04|269,0,0,0|words|50|-1|0|104.53|4|0|false|false|english|none|normal|false|false|false||1660236209000
635d148be04535b68a7be16b||30.81|83.95|32.72|54.37|129,1,0,0|words|25|-1|0|50.25|0|0|false|false|english|none|normal|false|false|false||1667044491000
642bfd0d0a366c07ed7e878b||30.72|85.86|30.72|55.12|166,0,0,0|words|25|-1|0|64.85|0|0|false|false|english_1k|none|normal|false|false|false||1680604429000
62f79db04d8250424f6aa4a5||30.69|94.12|30.69|52.3|267,0,0,0|words|50|-1|0|104.41|3|0|false|false|english|none|normal|false|false|false||1660394928000
6343e02da9e0f04cda2d5586||30.61|89.29|30.61|54.74|44,0,0,0|words|10|-1|0|17.25|0|0|false|false|english|none|normal|false|false|false||1665392685000
64a2bd0873193c702ecef60b||30.6|89.14|30.6|46.08|149,0,0,0|words|25|-1|1|58.44|4|8.51|false|false|english_1k|none|normal|false|false|false||1688386824000
62ecfdc642fae0be6d8e22b3|true|30.58|89.87|31.16|52.28|265,0,0,1|words|50|-1|0|103.98|3|0|false|false|english|none|normal|false|false|false||1659698630000
642a5cc40a366c07edade924||30.57|88.82|30.57|38.78|148,0,0,0|words|25|-1|0|58.09|6|0|false|false|english_1k|none|normal|false|false|false||1680497860000
637677df9500f305f2789237||30.56|86.23|37.22|58.05|101,5,0,2|words|25|-1|0|39.66|0|0|false|false|english|none|normal|false|false|false||1668708319000
64d3109888a8b868fde4fc83||30.54|91.11|36.2|48.46|108,3,0,0|words|25|-1|0|42.44|0|0|false|false|english_1k|none|normal|false|false|false||1691553944000
64a2ba4f73193c702ec83f56||30.54|85.63|30.54|51.45|143,0,0,0|words|25|-1|0|56.18|1|0|false|false|english_1k|none|normal|false|false|false||1688386127000
635bdbf7082a4bf76dbf2269||30.51|88.06|35.5|57.82|104,2,1,0|words|25|-1|0|40.9|1|0|false|false|english|none|normal|false|false|false||1666964471000
64d3106c88a8b868fde4fb5f||30.46|88.77|30.46|50.46|160,0,0,0|words|25|-1|0|63.04|2|0|false|false|english_1k|none|normal|false|false|false||1691553900000
62e2bd74303adee462368c80|true|30.3|90.91|30.8|53.73|303,1,0,0|time|120|-1|0|120.01|0|0|false|false|english|none|normal|false|false|false||1659026804000
63ff2dd55027fd0b050abb0d||30.29|85.23|30.29|39.93|142,0,0,0|words|25|-1|0|56.26|2|0|false|false|english|none|normal|false|false|false||1677667797000
633587467d21d9a8805ddfd2||30.27|84.91|30.27|48.66|42,0,0,0|words|10|-1|0|16.65|0|0|false|false|english|none|normal|false|false|false||1664452422000
64100a5a6d3feedce16f2b06||30.23|91.03|30.23|47.39|126,0,0,0|words|25|-1|0|50.01|0|0|false|false|english|none|normal|false|false|false||1678772826000
6449170b8b42543b374801c2||30.16|90.64|30.16|44.35|152,0,0,0|words|25|-1|0|60.48|3|0|false|false|english_1k|none|normal|false|false|false||1682511627000
63285a9774372078d60840ff||30.13|87.27|30.13|55.97|272,0,0,0|words|50|-1|0|108.32|1|0|false|false|english|none|normal|false|false|false||1663589015000
64e03f68296972726ca50858||30.09|87.5|31.16|51.55|140,1,0,0|words|25|-1|0|55.84|2|0|false|false|english_1k|none|normal|false|false|false||1692417896000
6335877a7d21d9a8805de163||30.07|86.76|30.07|53.84|57,0,0,0|words|10|-1|0|22.75|0|0|false|false|english|none|normal|false|false|false||1664452474000
62ed074642fae0be6d9a1f17|true|30|92.68|31.6|63.51|75,2,0,0|time|30|-1|0|30|0|0|false|false|english_1k|none|normal|false|false|false||1659701062000
62ee7498214dc216c81ac46e||29.95|86.97|30.67|52.15|249,1,0,0|words|50|-1|0|99.76|1|0|false|false|english|none|normal|false|false|false||1659794584000
637a16b629e6b7412e90577a||29.88|87.32|29.88|55.92|122,0,0,0|words|25|-1|0|49|1|0|false|false|english|none|normal|false|false|false||1668945590000
62ecfa7342fae0be6d8a24a3|true|29.87|90.57|29.87|54.65|258,0,0,0|words|50|-1|0|103.66|0|0|false|false|english|none|normal|false|false|false||1659697779000
637676b39500f305f2761c11||29.86|92.03|29.86|42.59|120,0,0,0|words|25|-1|0|48.23|1|0|false|false|english|none|normal|false|false|false||1668708019000
62ecfe3442fae0be6d8e2500||29.77|89.42|29.77|55.46|252,0,0,0|words|50|-1|0|101.58|3|0|false|false|english|none|normal|false|false|false||1659698740000
62ee6c99214dc216c80ec66f||29.6|90.3|29.6|58.24|148,0,0,0|time|60|-1|0|60|1|0|false|false|english|none|normal|false|false|false||1659792537000
62ed05e642fae0be6d9629f8||29.6|77.08|29.6|57.04|37,0,0,0|time|15|-1|0|15|0|0|false|false|english_1k|none|normal|false|false|false||1659700710000
637676519500f305f273af63||29.58|90.91|29.58|55.14|139,0,0,0|words|25|-1|0|56.38|1|0|false|false|english_1k|none|normal|false|false|false||1668707921000
634036cee65ec910001d3208||29.58|86.76|29.58|58.43|58,0,0,0|words|10|-1|0|23.53|0|0|false|false|english_1k|none|normal|false|false|false||1665152718000
63441899a9e0f04cda7629c5||29.34|86.44|29.34|52.68|50,0,0,0|words|10|-1|0|20.45|0|0|false|false|english|none|normal|false|false|false||1665407129000
6343e0eea9e0f04cda2d5b40||29.29|87.04|42.6|69.24|33,1,0,1|words|10|-1|0|13.52|0|0|false|false|english|none|normal|false|false|false||1665392878000
63ec6902cd1271d9fe94f7a6||29.21|89.86|29.21|50.91|193,0,0,0|words|25|-1|0|79.3|4|0|false|false|english_5k|none|normal|false|false|false||1676437762000
6329549674372078d63f3d58||29.2|87.21|29.2|54.37|73,0,0,0|time|30|-1|0|30|1|0|false|false|english|none|normal|false|false|false||1663653014000
637b448429e6b7412e382a90||29.18|79.75|29.18|56.68|125,0,0,0|words|25|-1|0|51.4|0|0|false|false|english|none|normal|false|false|false||1669022852000
633587607d21d9a8805de091||29.17|92.73|35.14|47.7|44,1,0,0|words|10|-1|1|18.1|1|1.08|false|false|english|none|normal|false|false|false||1664452448000
635bdc31082a4bf76dbf254b||29.05|85.63|29.05|47.2|131,0,0,0|words|25|-1|0|54.11|0|0|false|false|english|none|normal|false|false|false||1666964529000
64102a916d3feedce1a407c3||29.01|89.76|29.01|52.78|143,0,0,0|words|25|-1|0|59.16|2|0|false|false|english_1k|none|normal|false|false|false||1678781073000
637678609500f305f2789946||29.01|81.25|29.01|51.08|133,0,0,0|words|25|-1|0|55.02|1|0|false|false|english|none|normal|false|false|false||1668708448000
62ecfaff42fae0be6d8a2780||28.84|85.76|28.84|54.07|264,0,0,0|words|50|-1|0|109.84|3|0|false|false|english|none|normal|false|false|false||1659697919000
635d14cde04535b68a7be2ef||28.71|86.25|28.71|43.02|134,0,0,0|words|25|-1|0|56|4|0|false|false|english|none|normal|false|false|false||1667044557000
63f6e415c283c730c3271026||28.59|89.14|28.59|49.25|191,0,0,0|words|25|-1|0|80.16|2|0|false|false|english_5k|none|normal|false|false|false||1677124629000
63f6e3c4c283c730c3270da1||28.55|87.67|29.79|50.14|183,2,0,0|words|25|-1|0|76.93|0|0|false|false|english_5k|none|normal|false|false|false||1677124548000
6340373fe65ec910001d37cc||28.39|85.94|28.39|34.27|55,0,0,0|words|10|-1|0|23.25|3|0|false|false|english_1k|none|normal|false|false|false||1665152831000
62ecf67e42fae0be6d8621ed||28.3|88.02|28.3|46.25|283,0,0,0|time|120|-1|0|120.01|1|0|false|false|english|none|normal|false|false|false||1659696766000
62ecfc3742fae0be6d8e1a80||28.21|86.01|28.21|59.64|272,0,0,0|words|50|-1|0|115.69|1|0|false|false|english|none|normal|false|false|false||1659698231000
62e9408c3e8a5bf840bec26b||28.2|90.88|28.2|57.11|282,0,0,0|time|120|-1|1|120|0|32.28|false|false|english|none|normal|false|false|false||1659453580000
62e93fd33e8a5bf840bebd77||28.1|92.86|28.1|55.98|281,0,0,0|time|120|-1|0|120.01|1|0|false|false|english|none|normal|false|false|false||1659453395000
64003d755027fd0b05c9c23d||27.93|84.42|27.93|62.8|124,0,0,0|words|25|-1|0|53.28|0|0|false|false|english|none|normal|false|false|false||1677737333000
635d1764e04535b68a80922a||27.72|93.33|27.72|40.28|120,0,0,0|words|25|-1|0|51.94|4|0|false|false|english|none|normal|false|false|false||1667045220000
62ecfcb942fae0be6d8e1d53||27.61|90.57|27.61|50.18|277,0,0,0|words|50|-1|0|120.38|3|0|false|false|english|none|normal|false|false|false||1659698361000
635d1336e04535b68a7bd8ed||27.34|82.28|27.34|40.05|127,0,0,0|words|25|-1|0|55.75|3|0|false|false|english|none|normal|false|false|false||1667044150000
632954b974372078d63f3e0b||27.2|87.95|29.6|58.62|68,1,0,0|time|30|-1|0|30|0|0|false|false|english|none|normal|false|false|false||1663653049000
62ed057142fae0be6d962719|true|27.18|78.72|30.38|55.12|34,0,1,0|time|15|-1|0|15.01|0|0|false|false|english_1k|none|normal|false|false|false||1659700593000
63ec69a1cd1271d9fe94fc17||27.17|81.17|27.17|48.13|184,0,0,0|words|25|-1|0|81.28|0|0|false|false|english_5k|none|normal|false|false|false||1676437921000
63ec628ecd1271d9fe89b19b||27.12|88.16|27.12|43.37|204,0,0,0|words|25|-1|0|90.25|5|0|false|false|english_5k|none|normal|false|false|false||1676436110000
633587327d21d9a8805ddf3e||27.05|80.3|27.05|44.27|49,0,0,0|words|10|-1|0|21.74|0|0|false|false|english|none|normal|false|false|false||1664452402000
62ecf5f742fae0be6d861eb9||26.8|92|26.8|54.16|268,0,0,0|time|120|-1|0|120.01|3|0|false|false|english|none|normal|false|false|false||1659696631000
637676169500f305f273ac07||26.8|89.14|26.8|44.62|154,0,0,0|words|25|-1|0|68.95|3|0|false|false|english_1k|none|normal|false|false|false||1668707862000
63738a1f31bc828430bec456|true|26.79|90.97|26.79|49.91|130,0,0,0|words|25|-1|0|58.24|1|0|false|false|english_1k|none|normal|false|false|false||1668516383000
6481b3843fc01f23c8560837||26.73|78.41|29.22|46.44|129,2,0,1|words|25|-1|0|57.91|0|0|false|false|english_1k|none|normal|false|false|false||1686221700000
64e03f04296972726ca5063f||26.72|89.09|26.72|50.64|142,0,0,0|words|25|-1|0|63.77|3|0|false|false|english_1k|none|normal|false|false|false||1692417796000
6391e59d0952d21be823b3a8||26.59|84.17|27.44|52.97|188,0,0,4|words|25|-1|0|84.83|1|0|false|false|english_5k|none|normal|false|false|false||1670505885000
6340377ce65ec910001d3aec||26.43|85.51|26.43|42.16|57,0,0,0|words|10|-1|0|25.88|1|0|false|false|english_1k|none|normal|false|false|false||1665152891000
635bdb33082a4bf76dbf184e||26.4|83.97|26.4|40.94|128,0,0,0|words|25|-1|0|58.18|2|0|false|false|english|none|normal|false|false|false||1666964275000
6340375de65ec910001d3963||26.17|79.76|26.17|56.4|60,0,0,0|words|10|-1|0|27.51|0|0|false|false|english_1k|none|normal|false|false|false||1665152861000
634038cbe65ec9100021b805||25.6|84.72|25.6|44.62|60,0,0,0|words|10|-1|0|28.13|1|0|false|false|english_1k|none|normal|false|false|false||1665153227000
62ed06e142fae0be6d9a1c5b||25.58|85|25.58|55.33|32,0,0,0|time|15|-1|0|15.01|1|0|false|false|english_1k|none|normal|false|false|false||1659700961000
6315f21818d8136fe02da423|true|25.24|93.22|25.24|39.81|54,0,0,0|words|10|-1|0|25.67|3|0|false|false|english|none|normal|false|false|false||1662382615000
6315f19d18d8136fe02da0ad|true|25.21|85.96|27.4|35.17|46,1,0,0|words|10|-1|0|21.9|1|0|false|false|english|none|normal|false|false|false||1662382493000
637675c69500f305f273a78b||25.06|86.63|25.06|35.14|145,0,0,0|words|25|-1|0|69.43|5|0|false|false|english_1k|none|normal|false|false|false||1668707782000
62e35c33303adee462e844d1||24.6|90.53|24.6|43.99|246,0,0,0|time|120|-1|1|120|5|24.31|false|false|english|none|normal|false|false|false||1659067443000
62ed078f42fae0be6d9a20ea|true|24.6|89.51|24.6|43.89|123,0,0,0|time|60|-1|0|60.01|5|0|false|false|english_1k|none|normal|false|false|false||1659701135000
62e93ea93e8a5bf840bacd74||24.5|94.42|25.1|49.58|245,1,0,0|time|120|-1|0|120.01|4|0|false|false|english|none|normal|false|false|false||1659453097000
633586d47d21d9a8805ddc6b||24.5|75.41|26.73|31.39|44,3,0,1|words|10|-1|2|21.55|2|7.75|false|false|english|none|normal|false|false|false||1664452308000
6315f14818d8136fe02d9e3a|true|24.45|81.67|24.45|36.04|49,0,0,0|words|10|-1|0|24.05|3|0|false|false|english|none|normal|false|false|false||1662382407000
6315f18118d8136fe02d9fe6||24.33|88.14|24.33|34.26|52,0,0,0|words|10|-1|0|25.65|4|0|false|false|english|none|normal|false|false|false||1662382465000
62e95b703e8a5bf840d30255||24|87.59|24.8|48.69|240,6,0,1|time|120|-1|0|120|6|0|false|false|english|none|normal|false|false|false||1659460464000
62ee6df7214dc216c812bd4b||23.66|88.53|23.66|45.6|328,0,0,0|quote|4536|2|0|166.38|5|0|false|false|english|none|normal|false|false|false||1659792887000
635bde23082a4bf76dc3daf3||23.44|79.26|23.44|30.3|148,0,0,0|words|25|-1|0|75.76|10|0|false|false|english|none|normal|false|false|false||1666965027000
64100b6f6d3feedce16f3231||23.28|89.4|23.28|21.02|134,0,0,0|words|25|-1|0|69.06|20|0|false|false|english_1k|none|normal|false|false|false||1678773103000
6315f1c918d8136fe02da1f3||23.08|82.05|23.08|31.96|63,0,0,0|words|10|-1|0|32.76|1|0|false|false|english|none|normal|false|false|false||1662382537000
6315f25e18d8136fe02da648||22.91|77.05|22.91|31.34|46,0,0,0|words|10|-1|0|24.09|1|0|false|false|english|none|normal|false|false|false||1662382686000
6315f16518d8136fe02d9f13||22.89|89.29|22.89|41.73|49,0,0,0|words|10|-1|0|25.69|1|0|false|false|english|none|normal|false|false|false||1662382437000
633589d87d21d9a880624e1d||22.76|76.81|25.94|48.12|43,1,0,0|words|10|-1|1|22.67|0|6.58|false|false|english|none|normal|false|false|false||1664453080000
62f532794d8250424fa15613||22.67|88.29|24.06|39.1|246,3,0,0|words|50|-1|0|130.19|7|0|false|false|english|none|normal|false|false|false||1660236409000
6344194ba9e0f04cda7630c1||22.46|77.94|22.46|33.45|52,0,0,0|words|10|-1|0|27.78|2|0|false|false|english|none|normal|false|false|false||1665407307000
62e35985303adee462e45425||21.8|89.56|21.8|43.51|218,0,0,0|time|120|-1|0|120.01|6|0|false|false|english|none|normal|false|false|false||1659066757000
62e3568f303adee462e06299||21.5|90.53|21.9|51.76|215,1,0,0|time|120|-1|0|120.01|4|0|false|false|english|none|normal|false|false|false||1659065999000
6315f12c18d8136fe02d9d83|true|20.83|83.78|20.83|43.18|57,0,0,0|words|10|-1|0|32.83|1|0|false|false|english|none|normal|false|false|false||1662382380000
6382028429e6b7412ebbb6e3||20.69|82.08|20.69|38.09|140,0,0,0|words|25|-1|0|81.2|3|0|false|false|english|none|normal|false|false|false||1669464708000
6315f0fa18d8136fe02d9bf3|true|19.94|80.65|19.94|32.75|48,0,0,0|words|10|-1|0|28.89|1|0|false|false|english|none|normal|false|false|false||1662382330000
62e7e2dc303adee462fe64fd||19.9|90.63|19.9|41.65|199,0,0,0|time|120|-1|0|120.01|7|0|false|false|english|none|normal|false|false|false||1659364060000
6315f24018d8136fe02da562||19.55|83.87|19.55|31.54|52,0,0,0|words|10|-1|0|31.91|2|0|false|false|english|none|normal|false|false|false||1662382656000
6315f0dc18d8136fe02d9b2b|true|19.4|77.94|19.4|25.33|53,0,0,0|words|10|-1|0|32.79|1|0|false|false|english|none|normal|false|false|false||1662382300000
64102f0b6d3feedce1a9f0e9||19.39|89.6|19.39|11.03|149,0,0,0|words|25|-1|1|92.21|33|2.14|false|false|english_1k|none|normal|false|false|false||1678782219000
633587157d21d9a8805dde5d||19.06|87.04|22.78|36.61|41,1,0,0|words|10|-1|2|25.81|2|27.35|false|false|english|none|normal|false|false|false||1664452373000
635d1c9be04535b68a855305||18.77|92.47|18.77|2.61|133,0,0,0|words|25|-1|0|85.04|42|0|false|false|english|none|normal|false|false|false||1667046555000
62e7e361303adee462005cad||18.1|85.71|18.1|36.8|181,0,0,0|time|120|-1|0|120.01|8|0|false|false|english|none|normal|false|false|false||1659364193000
62e351c5303adee462dc6638||18|95.81|18|31.42|180,0,0,0|time|120|-1|0|120.01|18|0|false|false|english|none|normal|false|false|false||1659064773000
62e08d6d303adee462beda37|true|16.2|94.19|16.2|33.53|162,0,0,0|time|120|-1|0|120|17|0|false|false|english|none|normal|false|false|false||1658883437000
63738c6a31bc828430bedbe6||12.92|87.85|12.92|1.34|148,0,0,0|words|25|-1|1|137.46|65|25.77|false|false|english_1k|none|normal|false|false|false||1668516970000
6353ed15c8c818a0959bf3ef||12.78|90.91|12.78|0.02|117,0,0,0|words|25|-1|0|109.88|70|0|false|false|english|none|normal|false|false|false||1666444565000
63295ebb74372078d64c4df0||12|88.24|12|33.45|30,0,0,0|time|30|-1|0|30.01|3|0|false|false|english|none|normal|false|false|false||1663655611000
6353efb3c8c818a0959c0818||10.5|91.67|10.5|0|141,0,0,0|words|25|-1|0|161.19|117|0|false|false|english|none|normal|false|false|false||1666445235000
62e08c84303adee462bed5f0|true|10.4|96.3|10.4|16.45|26,0,0,0|time|30|-1|0|30|9|0|false|false|english|none|normal|false|false|false||1658883204000
640313ea5027fd0b057b4433||10.4|91.41|10.92|0|140,1,0,0|words|25|-1|1|161.58|114|16.34|false|false|english_1k|none|normal|false|false|false||1677923306000
635d1688e04535b68a808c89||7.8|88.96|7.8|0|132,0,0,0|words|25|-1|0|203.2|159|0|false|false|english|none|normal|false|false|false||1667045000000
630257d04d8250424fe4571a||6.52|84.12|9.13|0.04|195,28,0,0|words|50|-1|0|358.64|224|0|false|false|english|none|normal|false|false|false||1661097936000
6353eeb7c8c818a0959c00bc||5.43|90.24|5.43|0|144,0,0,0|words|25|-1|0|318.08|269|0|false|false|english|none|normal|false|false|false||1666444983000
63295e9174372078d64c4cc6||5.2|84.21|6.8|0.13|13,0,0,2|time|30|-1|0|30.01|17|0|false|false|english|none|normal|false|false|false||1663655569000